artist_name,track_name,track_id,album_name,album_id,release_date,popularity,explicit,danceability,energy,key,loudness,mode,speechiness,acousticness,instrumentalness,liveness,valence,tempo,time_signature,featured_artists,type,duration,year,month,day_of_the_week
"Tyler, The Creator",EARFQUAKE,5hVghJ4KaYES3BFUATCYn0,IGOR,5zi7WsKlIiUXv09tbGLKsE,2019-05-17,82,True,0.554,0.498,A,-8.866,Major,0.0685,0.23,5.98e-06,0.795,0.413,79.635,4,,Studio Album,03:10,2019,May,Friday
"Tyler, The Creator",Thought I Was Dead (feat. ScHoolboy Q & Santigold),2aYHxnMF2umAavtgBvmkY1,CHROMAKOPIA,0U28P0QVB1QRxpqp5IHOlH,2024-10-28,81,True,0.77,0.859,A#/Bb,-3.382,Minor,0.275,0.362,0.0,0.673,0.64,129.77,4,"ScHoolboy Q, Santigold",Studio Album,03:27,2024,October,Monday
"Tyler, The Creator",See You Again (feat. Kali Uchis),7KA4W4McWYRpgf0fWsJZWB,Flower Boy,2nkto6YNI4rUYTLqEwWJ3o,2017-07-21,89,True,0.558,0.559,F#/Gb,-9.222,Major,0.0959,0.371,7.49e-06,0.109,0.62,78.558,4,Kali Uchis,Studio Album,03:00,2017,July,Friday
"Tyler, The Creator",BEST INTEREST,3jHdKaLCkuNEkWcLVmQPCX,BEST INTEREST,5iUwaD3wFVwfaAfs9Z0eCh,2020-01-25,83,True,0.596,0.575,B,-8.325,Minor,0.0514,0.0861,0.000153,0.334,0.34,98.265,3,,Single,02:07,2020,January,Saturday
"Tyler, The Creator",Noid,1YdtGoSYDvVQKoUqSDXX41,CHROMAKOPIA,0U28P0QVB1QRxpqp5IHOlH,2024-10-28,82,True,0.38,0.784,C#/Db,-6.004,Major,0.299,0.523,0.000139,0.494,0.418,82.318,4,,Studio Album,04:44,2024,October,Monday
"Tyler, The Creator",ARE WE STILL FRIENDS?,5TxRUOsGeWeRl3xOML59Ai,IGOR,5zi7WsKlIiUXv09tbGLKsE,2019-05-17,80,True,0.216,0.497,A#/Bb,-8.025,Major,0.0371,0.128,2.39e-06,0.111,0.313,187.308,3,,Studio Album,04:25,2019,May,Friday
"Tyler, The Creator",Noid,1tnZxHryc2wWtjUZC1LQw5,Noid,4OjzAZXWalqQN5STXHPJdl,2024-10-21,82,True,0.38,0.77,C#/Db,-5.993,Major,0.242,0.473,0.000151,0.243,0.47,82.157,4,,Single,04:47,2024,October,Monday
"Tyler, The Creator",St. Chroma (feat. Daniel Caesar),1QoyuMHNBe7lg3YW4Qtll4,CHROMAKOPIA,0U28P0QVB1QRxpqp5IHOlH,2024-10-28,85,True,0.576,0.884,C,-5.058,Major,0.555,0.357,0.0,0.368,0.373,150.45,4,Daniel Caesar,Studio Album,03:17,2024,October,Monday
"Tyler, The Creator",I Killed You,3GdwjAsCsoE79ObhsJFyYb,CHROMAKOPIA,0U28P0QVB1QRxpqp5IHOlH,2024-10-28,80,True,0.749,0.896,D,-4.909,Major,0.219,0.356,0.00075,0.267,0.447,97.121,4,,Studio Album,02:48,2024,October,Monday
"Tyler, The Creator",NEW MAGIC WAND,0fv2KH6hac06J86hBUTcSf,IGOR,5zi7WsKlIiUXv09tbGLKsE,2019-05-17,81,True,0.621,0.73,F,-5.414,Minor,0.107,0.0967,0.000131,0.673,0.464,139.566,4,,Studio Album,03:15,2019,May,Friday
"Tyler, The Creator","GONE, GONE / THANK YOU",1hz7SRTGUNAtIQ46qiNv2p,IGOR,5zi7WsKlIiUXv09tbGLKsE,2019-05-17,77,True,0.518,0.492,A#/Bb,-8.436,Minor,0.193,0.216,0.0012,0.146,0.471,78.848,4,,Studio Album,06:15,2019,May,Friday
"Tyler, The Creator",Tomorrow,3yw3m8wgRB4ptDyAvtdhq5,CHROMAKOPIA,0U28P0QVB1QRxpqp5IHOlH,2024-10-28,79,True,0.463,0.541,C#/Db,-6.594,Major,0.0385,0.811,6.61e-05,0.125,0.307,95.827,4,,Studio Album,03:02,2024,October,Monday
"Tyler, The Creator",She,0SA0mMXWh23raZ6xzOCU2V,Goblin,5dbCm8qaCdWnNdVyi3urUO,2011-05-09,75,True,0.35,0.621,G#/Ab,-6.495,Minor,0.233,0.256,3.44e-05,0.613,0.459,83.375,4,Frank Ocean,Studio Album,04:13,2011,May,Monday
"Tyler, The Creator",I THINK,4f8Mh5wuWHOsfXtzjrJB3t,IGOR,5zi7WsKlIiUXv09tbGLKsE,2019-05-17,73,True,0.826,0.579,G#/Ab,-8.241,Minor,0.0801,0.00881,0.0,0.129,0.431,121.075,4,,Studio Album,03:32,2019,May,Friday
"Tyler, The Creator",Judge Judy,6ie0uyyvOKTTuIFBMPiNIl,CHROMAKOPIA,0U28P0QVB1QRxpqp5IHOlH,2024-10-28,80,True,0.622,0.661,C#/Db,-5.906,Major,0.0826,0.297,0.000135,0.165,0.362,76.331,4,,Studio Album,04:29,2024,October,Monday
"Tyler, The Creator",Like Him (feat. Lola Young),6jbYpRPTEFl1HFKHk1IC0m,CHROMAKOPIA,0U28P0QVB1QRxpqp5IHOlH,2024-10-28,79,True,0.392,0.555,E,-6.707,Minor,0.039,0.287,0.000253,0.13,0.191,96.063,3,Lola Young,Studio Album,04:38,2024,October,Monday
"Tyler, The Creator",Take Your Mask Off (feat. Daniel Caesar & LaToiya Williams),4BSR9I4ExlCJdXJo2GpBD5,CHROMAKOPIA,0U28P0QVB1QRxpqp5IHOlH,2024-10-28,80,True,0.503,0.658,F#/Gb,-5.823,Minor,0.154,0.46,0.0,0.382,0.515,121.784,5,"Daniel Caesar, LaToiya Williams",Studio Album,04:13,2024,October,Monday
"Tyler, The Creator",Answer,6rqj2zeKhLy3exkuFi6mSz,Wolf,40QTqOBBxCEIQlLNdSjFQB,2013-04-01,72,True,0.352,0.838,G#/Ab,-6.465,Minor,0.0496,0.00329,5.74e-06,0.115,0.475,72.291,4,,Studio Album,03:50,2013,April,Monday
"Tyler, The Creator",WUSYANAME (feat. Youngboy Never Broke Again & Ty Dolla $ign),5B0kgjHULYJhAQkK5XsMoC,CALL ME IF YOU GET LOST,45ba6QAtNrdv6Ke4MFOKk9,2021-06-25,74,True,0.493,0.653,C,-5.666,Minor,0.0466,0.269,0.0,0.511,0.852,142.347,4,"YoungBoy Never Broke Again, Ty Dolla $ign",Studio Album,02:01,2021,June,Friday
"Tyler, The Creator",A BOY IS A GUN*,1nXZnTALNXiPlvXotqHm66,IGOR,5zi7WsKlIiUXv09tbGLKsE,2019-05-17,71,True,0.417,0.689,D,-8.302,Minor,0.178,0.575,0.0,0.496,0.505,79.568,4,,Studio Album,03:30,2019,May,Friday
"Tyler, The Creator",I Hope You Find Your Way Home,0pvZCv4JOS5WBu7JITYef6,CHROMAKOPIA,0U28P0QVB1QRxpqp5IHOlH,2024-10-28,78,True,0.621,0.596,E,-4.35,Major,0.0607,0.294,5.53e-05,0.134,0.207,112.188,4,,Studio Album,04:29,2024,October,Monday
"Tyler, The Creator",SWEET / I THOUGHT YOU WANTED TO DANCE (feat. Brent Faiyaz & Fana Hues),3EG9FJ0ToLfgnc1IG2Z1wz,CALL ME IF YOU GET LOST,45ba6QAtNrdv6Ke4MFOKk9,2021-06-25,74,True,0.468,0.652,C,-4.912,Major,0.0722,0.333,0.000318,0.55,0.39,140.223,4,"Brent Faiyaz, Fana Hues",Studio Album,09:48,2021,June,Friday
"Tyler, The Creator",RUNNING OUT OF TIME,5QvBXUm5MglLJ3iBfTX2Wo,IGOR,5zi7WsKlIiUXv09tbGLKsE,2019-05-17,74,True,0.36,0.391,F#/Gb,-10.6,Major,0.0528,0.296,0.000406,0.129,0.162,84.281,4,,Studio Album,02:57,2019,May,Friday
"Tyler, The Creator",PUPPET,0wEC0GNF74lAqrEFZJMl1m,IGOR,5zi7WsKlIiUXv09tbGLKsE,2019-05-17,70,True,0.508,0.557,G#/Ab,-8.967,Minor,0.0478,0.00235,0.0134,0.588,0.199,77.572,4,,Studio Album,02:59,2019,May,Friday
"Tyler, The Creator",IFHY (feat. Pharrell),0NjW4SKY3gbfl2orl1p8hr,Wolf,40QTqOBBxCEIQlLNdSjFQB,2013-04-01,71,True,0.358,0.715,G,-6.181,Major,0.331,0.197,0.0,0.581,0.275,85.478,4,Pharrell Williams,Studio Album,05:19,2013,April,Monday
"Tyler, The Creator",DOGTOOTH,6OfOzTitafSnsaunQLuNFw,CALL ME IF YOU GET LOST: The Estate Sale,1GG6U2SSJPHO6XsFiBzxYv,2023-03-31,71,True,0.706,0.648,G#/Ab,-6.348,Major,0.324,0.505,0.0,0.215,0.802,77.533,4,,Album Deluxe,02:41,2023,March,Friday
"Tyler, The Creator","FUCKING YOUNG / PERFECT (feat. Charlie Wilson, Chaz Bundick, Sydney Bennett & Kali Uchis)",46CA1H0T1r7u5lDUtVveAh,Cherry Bomb,621OhgnZJ7Pz8iUazct1In,2015-04-13,64,True,0.232,0.705,F,-6.928,Major,0.0997,0.032,6.6e-05,0.185,0.352,74.28,4,"Charlie Wilson, Chaz Bundick, Syd, Kali Uchis",Studio Album,06:41,2015,April,Monday
"Tyler, The Creator",Balloon (feat. Doechii),35D1RA5uVFVhMc1qX80TaQ,CHROMAKOPIA,0U28P0QVB1QRxpqp5IHOlH,2024-10-28,78,True,0.437,0.868,F#/Gb,-3.03,Major,0.112,0.731,0.0,0.234,0.475,111.774,4,Doechii,Studio Album,02:34,2024,October,Monday
"Tyler, The Creator",911 / Mr. Lonely (feat. Frank Ocean & Steve Lacy),4bEcoz1OcfMgUbp2ft8ieQ,Flower Boy,2nkto6YNI4rUYTLqEwWJ3o,2017-07-21,73,True,0.48,0.61,C,-7.042,Major,0.305,0.0456,0.0,0.313,0.297,90.034,4,"Frank Ocean, Steve Lacy",Studio Album,04:15,2017,July,Friday
"Tyler, The Creator","BOYFRIEND, GIRLFRIEND (2020 Demo) (feat. YG)",2sFEmuVVAa2klHwhFaT0rR,CALL ME IF YOU GET LOST: The Estate Sale,1GG6U2SSJPHO6XsFiBzxYv,2023-03-31,61,True,0.778,0.847,F#/Gb,-3.422,Minor,0.0605,0.421,0.000363,0.35,0.658,109.226,4,YG,Album Deluxe,03:24,2023,March,Friday
"Tyler, The Creator",SIR BAUDELAIRE (feat. DJ Drama),4ydmav4vl7hebadtfZtMrg,CALL ME IF YOU GET LOST,45ba6QAtNrdv6Ke4MFOKk9,2021-06-25,63,True,0.467,0.635,G,-6.115,Major,0.154,0.314,4.16e-06,0.844,0.51,127.596,3,DJ Drama,Studio Album,01:28,2021,June,Friday
"Tyler, The Creator",IGOR'S THEME,51RN0kzWd7xeR4th5HsEtW,IGOR,5zi7WsKlIiUXv09tbGLKsE,2019-05-17,69,False,0.467,0.672,A#/Bb,-7.371,Minor,0.377,0.00559,0.243,0.607,0.0648,163.1,4,,Studio Album,03:20,2019,May,Friday
"Tyler, The Creator",WHAT'S GOOD,6bOkaEXc5CopinGazSLokx,IGOR,5zi7WsKlIiUXv09tbGLKsE,2019-05-17,67,True,0.458,0.909,C#/Db,-6.553,Major,0.487,0.0567,4.26e-06,0.11,0.449,118.227,4,,Studio Album,03:25,2019,May,Friday
"Tyler, The Creator",I DON'T LOVE YOU ANYMORE,5A0M6B0RBSXSNWv0wcppZ9,IGOR,5zi7WsKlIiUXv09tbGLKsE,2019-05-17,67,True,0.638,0.522,G#/Ab,-9.814,Major,0.0932,0.352,0.0663,0.165,0.584,142.952,4,,Studio Album,02:41,2019,May,Friday
"Tyler, The Creator",SORRY NOT SORRY,410ZZP746AQeiywhKvXWCo,CALL ME IF YOU GET LOST: The Estate Sale,1GG6U2SSJPHO6XsFiBzxYv,2023-03-31,68,True,0.481,0.797,F#/Gb,-4.094,Minor,0.201,0.404,0.0,0.368,0.495,96.237,3,,Album Deluxe,03:26,2023,March,Friday
"Tyler, The Creator",JUGGERNAUT (feat. Lil Uzi Vert & Pharrell Williams),7z4xW9WY86uH3gd1V9pfCM,CALL ME IF YOU GET LOST,45ba6QAtNrdv6Ke4MFOKk9,2021-06-25,65,True,0.827,0.571,B,-7.949,Major,0.366,0.0195,0.0,0.166,0.62,142.034,4,"Lil Uzi Vert, Pharrell Williams",Studio Album,02:26,2021,June,Friday
"Tyler, The Creator",Who Dat Boy (feat. A$AP Rocky),21yRtB6B8EMounImAfHRCP,Flower Boy,2nkto6YNI4rUYTLqEwWJ3o,2017-07-21,65,True,0.706,0.485,G#/Ab,-9.671,Major,0.331,0.337,0.0,0.122,0.144,115.414,4,A$AP Rocky,Studio Album,03:25,2017,July,Friday
"Tyler, The Creator","Enjoy Right Now, Today",3R1Vu4Ws7UitwDxDHTol0P,Flower Boy,2nkto6YNI4rUYTLqEwWJ3o,2017-07-21,56,False,0.729,0.675,C#/Db,-6.008,Major,0.187,0.037,0.847,0.0891,0.654,162.126,4,,Studio Album,03:55,2017,July,Friday
"Tyler, The Creator",WHAT A DAY,3v3gyQkwRQGwDUZ7V2q2lF,CALL ME IF YOU GET LOST: The Estate Sale,1GG6U2SSJPHO6XsFiBzxYv,2023-03-31,63,True,0.484,0.828,A#/Bb,-6.29,Minor,0.258,0.529,0.0,0.163,0.769,88.939,4,,Album Deluxe,03:36,2023,March,Friday
"Tyler, The Creator",WHARF TALK (feat. A$AP Rocky),3u9PAti8muEXXvEjeFpQK0,CALL ME IF YOU GET LOST: The Estate Sale,1GG6U2SSJPHO6XsFiBzxYv,2023-03-31,65,True,0.788,0.744,B,-6.022,Major,0.069,0.189,5.74e-05,0.196,0.681,96.445,4,A$AP Rocky,Album Deluxe,03:24,2023,March,Friday
"Tyler, The Creator",Glitter,0qtK3XwbuG153dmwB8iepL,Flower Boy,2nkto6YNI4rUYTLqEwWJ3o,2017-07-21,67,True,0.449,0.434,C#/Db,-11.777,Major,0.243,0.306,2.76e-06,0.633,0.371,78.57,5,,Studio Album,03:44,2017,July,Friday
"Tyler, The Creator",Yonkers,1nwkSqzTyXBk6XF796EOav,Goblin,5dbCm8qaCdWnNdVyi3urUO,2011-05-09,61,True,0.712,0.759,B,-5.397,Major,0.334,0.0161,0.0808,0.217,0.738,79.102,4,,Studio Album,04:09,2011,May,Monday
"Tyler, The Creator",Lone,6oVFpdtDzSgRLv8rUgFVUW,Wolf,40QTqOBBxCEIQlLNdSjFQB,2013-04-01,55,True,0.362,0.761,D,-8.509,Minor,0.241,0.442,0.0,0.741,0.586,80.355,4,,Studio Album,03:57,2013,April,Monday
"Tyler, The Creator",Where This Flower Blooms (feat. Frank Ocean),6KuXb26rHuRy3ZDse1VRmx,Flower Boy,2nkto6YNI4rUYTLqEwWJ3o,2017-07-21,71,True,0.686,0.429,G#/Ab,-10.402,Minor,0.15,0.71,3.41e-06,0.166,0.27,130.09,4,Frank Ocean,Studio Album,03:14,2017,July,Friday
"Tyler, The Creator",HEAVEN TO ME,4Z1ZlABSKDlVByJL3y5OVs,CALL ME IF YOU GET LOST: The Estate Sale,1GG6U2SSJPHO6XsFiBzxYv,2023-03-31,60,True,0.407,0.932,F#/Gb,-5.253,Major,0.406,0.273,0.0,0.676,0.396,174.849,4,,Album Deluxe,03:50,2023,March,Friday
"Tyler, The Creator",HOT WIND BLOWS (feat. Lil Wayne),3JJL91ilRV6fXhKqu0FGXs,CALL ME IF YOU GET LOST,45ba6QAtNrdv6Ke4MFOKk9,2021-06-25,68,True,0.371,0.75,G,-5.382,Minor,0.402,0.601,0.0,0.482,0.729,173.456,4,Lil Wayne,Studio Album,02:35,2021,June,Friday
"Tyler, The Creator",Boredom (feat. Rex Orange County & Anna of the North),5WNYg3usc6H8N3MBEp4zVk,Flower Boy,2nkto6YNI4rUYTLqEwWJ3o,2017-07-21,67,True,0.559,0.578,G#/Ab,-9.54,Major,0.151,0.79,0.000522,0.324,0.239,79.938,4,"Rex Orange County, Anna of the North",Studio Album,05:20,2017,July,Friday
"Tyler, The Creator",Colossus,5AnVuHLmgipXkFmBvj2Q6H,Wolf,40QTqOBBxCEIQlLNdSjFQB,2013-04-01,63,True,0.442,0.6,D,-9.087,Major,0.357,0.267,0.0,0.31,0.725,82.462,1,,Studio Album,03:33,2013,April,Monday
"Tyler, The Creator",SMUCKERS (feat. Lil Wayne & Kanye West),078C2jXg7XsMgW78Gfx1JA,Cherry Bomb,621OhgnZJ7Pz8iUazct1In,2015-04-13,66,True,0.427,0.849,G,-2.945,Major,0.348,0.015,0.00373,0.153,0.55,79.155,4,"Lil Wayne, Kanye West",Studio Album,05:34,2015,April,Monday
"Tyler, The Creator",Awkward,6c7l5gpEyCNGr86jsWneGy,Wolf,40QTqOBBxCEIQlLNdSjFQB,2013-04-01,57,True,0.472,0.777,G#/Ab,-8.666,Major,0.294,0.225,0.0283,0.195,0.673,153.78,4,,Studio Album,03:47,2013,April,Monday
"Tyler, The Creator",48,2wK7y55bzry7tUDmDqYaz7,Wolf,40QTqOBBxCEIQlLNdSjFQB,2013-04-01,59,True,0.558,0.887,C#/Db,-8.083,Major,0.265,0.132,0.0,0.89,0.537,119.91,4,,Studio Album,04:07,2013,April,Monday
"Tyler, The Creator",Treehome95 (feat. Coco O. & Erykah Badu),2vLwhcsvRd1f2ETft1kWDN,Wolf,40QTqOBBxCEIQlLNdSjFQB,2013-04-01,59,True,0.721,0.539,B,-8.726,Major,0.362,0.217,0.00257,0.419,0.377,81.971,4,"Coco O., Erykah Badu",Studio Album,03:00,2013,April,Monday
"Tyler, The Creator",Tron Cat,3o3K5bwHFP36MqOLa0WSw3,Goblin,5dbCm8qaCdWnNdVyi3urUO,2011-05-09,53,True,0.632,0.634,G#/Ab,-8.415,Major,0.274,0.0302,0.0,0.153,0.39,81.0,4,,Studio Album,04:13,2011,May,Monday
"Tyler, The Creator",November,4XDpeWqPADoWRKcUY3dC84,Flower Boy,2nkto6YNI4rUYTLqEwWJ3o,2017-07-21,63,True,0.547,0.759,C#/Db,-7.039,Minor,0.413,0.354,2.15e-05,0.676,0.575,91.85,4,,Studio Album,03:45,2017,July,Friday
"Tyler, The Creator",435,5xJeZ6tLPOXNIrrphEIuay,435,5wWkfNvfwMfQFbas9Gjggq,2018-06-08,62,True,0.539,0.804,A#/Bb,-5.504,Minor,0.172,0.00247,0.000185,0.463,0.798,85.752,4,,Single,01:33,2018,June,Friday
"Tyler, The Creator",Pothole (feat. Jaden Smith),5SxlUF7J8tyFIEF22EomeP,Flower Boy,2nkto6YNI4rUYTLqEwWJ3o,2017-07-21,62,True,0.543,0.572,B,-8.974,Major,0.338,0.51,7.23e-06,0.28,0.569,89.386,4,Jaden,Studio Album,03:57,2017,July,Friday
"Tyler, The Creator",RUNITUP (feat. Teezo Touchdown),13HsOwrwTA5HgLuoaDHncP,CALL ME IF YOU GET LOST,45ba6QAtNrdv6Ke4MFOKk9,2021-06-25,61,True,0.665,0.469,A#/Bb,-7.778,Minor,0.13,0.565,0.000317,0.219,0.142,115.852,4,Teezo Touchdown,Studio Album,03:49,2021,June,Friday
"Tyler, The Creator",STUNTMAN (feat. Vince Staples),6S4WM9LW6oGkAtBFePffh2,CALL ME IF YOU GET LOST: The Estate Sale,1GG6U2SSJPHO6XsFiBzxYv,2023-03-31,57,True,0.731,0.663,C#/Db,-7.758,Major,0.246,0.0568,0.0,0.781,0.43,95.972,4,Vince Staples,Album Deluxe,03:19,2023,March,Friday
"Tyler, The Creator",I Ain't Got Time!,430qNtapCS3Ue1yoSql1oV,Flower Boy,2nkto6YNI4rUYTLqEwWJ3o,2017-07-21,60,True,0.549,0.725,C#/Db,-7.239,Major,0.397,0.0539,3.52e-05,0.148,0.547,108.822,4,,Studio Album,03:26,2017,July,Friday
"Tyler, The Creator",Goblin,5LJD1sBRPnDkhWs2D5qRk2,Goblin,5dbCm8qaCdWnNdVyi3urUO,2011-05-09,50,True,0.456,0.529,F,-12.651,Minor,0.828,0.534,0.0,0.219,0.444,78.235,4,,Single,06:48,2011,May,Monday
"Tyler, The Creator",CORSO,46oHvXwpEZOFX518we1nJD,CALL ME IF YOU GET LOST,45ba6QAtNrdv6Ke4MFOKk9,2021-06-25,64,True,0.703,0.845,A#/Bb,-4.851,Minor,0.337,0.169,0.0,0.122,0.745,97.672,4,,Studio Album,02:26,2021,June,Friday
"Tyler, The Creator","FIND YOUR WINGS (feat. Roy Ayers, Sydney Bennett & Kali Uchis)",7er0EUMY653mxZ1NVD9mwQ,Cherry Bomb,621OhgnZJ7Pz8iUazct1In,2015-04-13,61,True,0.53,0.427,A,-7.338,Minor,0.0275,0.405,0.0832,0.0976,0.195,75.111,4,"Roy Ayers, Syd, Kali Uchis",Studio Album,02:59,2015,April,Monday
"Tyler, The Creator",Pigs,5L4n81Ecf8UE837uJkuoJJ,Wolf,40QTqOBBxCEIQlLNdSjFQB,2013-04-01,52,True,0.406,0.734,C#/Db,-6.983,Minor,0.246,0.0275,0.000978,0.0768,0.488,80.208,4,,Studio Album,04:14,2013,April,Monday
"Tyler, The Creator",RISE! (feat. DAISY WORLD),4Hta7Oy5W9HD0UgT1P8PPV,CALL ME IF YOU GET LOST,45ba6QAtNrdv6Ke4MFOKk9,2021-06-25,59,True,0.766,0.814,D,-3.367,Major,0.0733,0.044,1.08e-05,0.195,0.481,108.07,4,DAISY WORLD,Studio Album,03:23,2021,June,Friday
"Tyler, The Creator",SIR BAUDELAIRE (feat. DJ Drama),65Cev4uzaAUqfqu0oxepew,CALL ME IF YOU GET LOST: The Estate Sale,1GG6U2SSJPHO6XsFiBzxYv,2023-03-31,56,True,0.467,0.635,G,-6.115,Major,0.154,0.314,4.16e-06,0.844,0.51,127.596,3,DJ Drama,Album Deluxe,01:28,2023,March,Friday
"Tyler, The Creator",Domo23,75kiQfmmuQwgquZ9RLSvuA,Wolf,40QTqOBBxCEIQlLNdSjFQB,2013-04-01,56,True,0.727,0.565,C#/Db,-5.564,Minor,0.356,0.167,0.0,0.262,0.597,133.094,4,,Studio Album,02:38,2013,April,Monday
"Tyler, The Creator",WOLF,2JZpS2sOdJy37oBpn1GuPW,Wolf,40QTqOBBxCEIQlLNdSjFQB,2013-04-01,57,True,0.426,0.303,C#/Db,-11.52,Minor,0.0787,0.316,0.00795,0.411,0.383,139.042,4,,Studio Album,01:49,2013,April,Monday
"Tyler, The Creator",OKRA,74ZovzRxHBvCq5yIwe8boh,OKRA,0dXN05tQ4StX1W0lwN95Q6,2018-03-30,56,True,0.589,0.57,C#/Db,-9.54,Major,0.361,0.0456,1.51e-06,0.137,0.441,136.203,4,,Single,02:31,2018,March,Friday
"Tyler, The Creator",CORSO,2M6P0j9uCqFzx8u9P4VxNi,CALL ME IF YOU GET LOST: The Estate Sale,1GG6U2SSJPHO6XsFiBzxYv,2023-03-31,57,True,0.703,0.845,A#/Bb,-4.851,Minor,0.337,0.169,0.0,0.122,0.745,97.672,4,,Album Deluxe,02:26,2023,March,Friday
"Tyler, The Creator",Fish,6VkmMpgrvypnV9dTLwaDdW,Goblin,5dbCm8qaCdWnNdVyi3urUO,2011-05-09,46,True,0.694,0.505,G#/Ab,-12.436,Major,0.331,0.319,0.0,0.0809,0.212,119.271,4,,Studio Album,06:19,2011,May,Monday
"Tyler, The Creator",SAFARI,09xpQPfKWdio1wx6v17dGa,CALL ME IF YOU GET LOST,45ba6QAtNrdv6Ke4MFOKk9,2021-06-25,59,True,0.471,0.71,C#/Db,-6.462,Minor,0.213,0.0618,1.7e-06,0.338,0.599,80.453,4,,Studio Album,02:57,2021,June,Friday
"Tyler, The Creator",BLESSED,2X5m6irq8boS50Efx4oWew,CALL ME IF YOU GET LOST,45ba6QAtNrdv6Ke4MFOKk9,2021-06-25,55,True,0.336,0.613,G#/Ab,-7.869,Major,0.123,0.389,9.99e-05,0.765,0.741,40.319,4,,Studio Album,00:57,2021,June,Friday
"Tyler, The Creator",SWEET / I THOUGHT YOU WANTED TO DANCE (feat. Brent Faiyaz & Fana Hues),0pR5vcd51X9wyACCiolHNR,CALL ME IF YOU GET LOST: The Estate Sale,1GG6U2SSJPHO6XsFiBzxYv,2023-03-31,58,True,0.468,0.652,C,-4.912,Major,0.0722,0.333,0.000318,0.55,0.39,140.223,4,"Brent Faiyaz, Fana Hues",Album Deluxe,09:48,2023,March,Friday
"Tyler, The Creator",Garden Shed (feat. Estelle),6ACiYjq5Q7e6BlhZEHz7cd,Flower Boy,2nkto6YNI4rUYTLqEwWJ3o,2017-07-21,65,True,0.423,0.456,D,-8.45,Minor,0.0579,0.381,0.016,0.12,0.148,112.984,4,Estelle,Studio Album,03:43,2017,July,Friday
"Tyler, The Creator",MASSA,2goHCrsDJaflEwQ930ef0o,CALL ME IF YOU GET LOST,45ba6QAtNrdv6Ke4MFOKk9,2021-06-25,61,True,0.685,0.855,C#/Db,-6.724,Minor,0.438,0.329,8.9e-05,0.301,0.46,157.181,4,,Studio Album,03:43,2021,June,Friday
"Tyler, The Creator",Sometimes...,4KgTrzmfiWNcVneh2Dd1Ou,Flower Boy,2nkto6YNI4rUYTLqEwWJ3o,2017-07-21,59,True,0.552,0.415,D#/Eb,-11.996,Major,0.0451,0.959,0.000239,0.164,0.36,72.862,4,,Studio Album,00:36,2017,July,Friday
"Tyler, The Creator",WILSHIRE,1pbbsI2KGPOMu0HmuGccBu,CALL ME IF YOU GET LOST,45ba6QAtNrdv6Ke4MFOKk9,2021-06-25,62,True,0.555,0.712,C#/Db,-7.446,Major,0.323,0.0451,5.14e-06,0.182,0.555,78.958,4,,Studio Album,08:35,2021,June,Friday
"Tyler, The Creator",RUNITUP (feat. Teezo Touchdown),0lXJL0unztXDdIOXu5xCML,CALL ME IF YOU GET LOST: The Estate Sale,1GG6U2SSJPHO6XsFiBzxYv,2023-03-31,54,True,0.665,0.469,A#/Bb,-7.778,Minor,0.13,0.565,0.000317,0.219,0.142,115.852,4,Teezo Touchdown,Album Deluxe,03:49,2023,March,Friday
"Tyler, The Creator",Droppin' Seeds (feat. Lil' Wayne),39u2PsqrAZpZ0KPx6CjasV,Flower Boy,2nkto6YNI4rUYTLqEwWJ3o,2017-07-21,60,True,0.401,0.532,F,-11.554,Minor,0.508,0.103,0.0,0.478,0.413,84.777,4,Lil Wayne,Studio Album,01:00,2017,July,Friday
"Tyler, The Creator",Her,0XDfOOlscDrr50Q0PERrVd,Goblin,5dbCm8qaCdWnNdVyi3urUO,2011-05-09,50,True,0.802,0.369,C#/Db,-13.218,Minor,0.432,0.00385,0.000101,0.114,0.494,145.834,4,,Studio Album,03:31,2011,May,Monday
"Tyler, The Creator",MOMMA TALK,6ZvghXQAXw2W9blIQbBVZW,CALL ME IF YOU GET LOST: The Estate Sale,1GG6U2SSJPHO6XsFiBzxYv,2023-03-31,49,True,0.488,0.59,C,-6.319,Major,0.247,0.696,0.0,0.661,0.498,96.446,5,,Album Deluxe,01:10,2023,March,Friday
"Tyler, The Creator",Rusty (feat. Domo Genesis & Earl Sweatshirt),4oQkcfukOHfKsmeoeXQLWC,Wolf,40QTqOBBxCEIQlLNdSjFQB,2013-04-01,57,True,0.503,0.677,B,-5.647,Major,0.248,0.00529,0.00024,0.396,0.364,81.28,4,"Domo Genesis, Earl Sweatshirt",Studio Album,05:09,2013,April,Monday
"Tyler, The Creator",Analog,3xFXkeyBtnysOlrQwYan5z,Goblin,5dbCm8qaCdWnNdVyi3urUO,2011-05-09,50,True,0.364,0.699,C,-9.473,Minor,0.29,0.00444,0.00093,0.772,0.427,87.083,5,Hodgy,Studio Album,02:54,2011,May,Monday
"Tyler, The Creator",MOMMA TALK,2HrRwAKgIzjTeuKoaj4akH,CALL ME IF YOU GET LOST,45ba6QAtNrdv6Ke4MFOKk9,2021-06-25,51,True,0.488,0.59,C,-6.319,Major,0.247,0.696,0.0,0.661,0.498,96.446,5,,Studio Album,01:10,2021,June,Friday
"Tyler, The Creator",RISE! (feat. DAISY WORLD),2wQUUYQ4KOeLLuPS5nBBDK,CALL ME IF YOU GET LOST: The Estate Sale,1GG6U2SSJPHO6XsFiBzxYv,2023-03-31,53,True,0.766,0.814,D,-3.367,Major,0.0733,0.044,1.08e-05,0.195,0.481,108.07,4,DAISY WORLD,Album Deluxe,03:23,2023,March,Friday
"Tyler, The Creator",Jamba (feat. Hodgy),3Z5pXxCb0O6L53vejFHhqQ,Wolf,40QTqOBBxCEIQlLNdSjFQB,2013-04-01,57,True,0.722,0.488,G#/Ab,-7.547,Major,0.398,0.0404,3.45e-06,0.322,0.661,80.093,4,Hodgy,Studio Album,03:32,2013,April,Monday
"Tyler, The Creator",Cowboy,2hjjUjikOa29kImnI5kQPw,Wolf,40QTqOBBxCEIQlLNdSjFQB,2013-04-01,60,True,0.499,0.662,C#/Db,-8.514,Major,0.382,0.06,0.0,0.428,0.65,160.008,4,,Studio Album,03:15,2013,April,Monday
"Tyler, The Creator",PartyIsntOver/Campfire/Bimmer (feat. Frank Ocean & Laetitia Sadier),04QTBqa3IA4ZAKEuqRPzEH,Wolf,40QTqOBBxCEIQlLNdSjFQB,2013-04-01,60,True,0.443,0.576,C#/Db,-8.695,Minor,0.201,0.0709,0.0197,0.41,0.127,151.835,4,"Frank Ocean, Laetitia Sadier",Studio Album,07:18,2013,April,Monday
"Tyler, The Creator",WILSHIRE,2z27xc2eCnIZOBtBHuLQEQ,CALL ME IF YOU GET LOST: The Estate Sale,1GG6U2SSJPHO6XsFiBzxYv,2023-03-31,53,True,0.555,0.712,C#/Db,-7.446,Major,0.323,0.0451,5.14e-06,0.182,0.555,78.958,4,,Album Deluxe,08:35,2023,March,Friday
"Tyler, The Creator",LUMBERJACK,0BiK5BbYNFLb88CCOxBFJe,CALL ME IF YOU GET LOST,45ba6QAtNrdv6Ke4MFOKk9,2021-06-25,62,True,0.386,0.762,A,-6.341,Major,0.564,0.122,0.0,0.527,0.433,170.691,4,,Studio Album,02:18,2021,June,Friday
"Tyler, The Creator",JUGGERNAUT (feat. Lil Uzi Vert & Pharrell Williams),5Jue6vup8nHUgXFUGMk478,CALL ME IF YOU GET LOST: The Estate Sale,1GG6U2SSJPHO6XsFiBzxYv,2023-03-31,54,True,0.827,0.571,B,-7.949,Major,0.366,0.0195,0.0,0.166,0.62,142.034,4,"Lil Uzi Vert, Pharrell Williams",Album Deluxe,02:26,2023,March,Friday
"Tyler, The Creator",MANIFESTO (feat. Domo Genesis),6qouBO0wJtYc3k7DfKRUBx,CALL ME IF YOU GET LOST,45ba6QAtNrdv6Ke4MFOKk9,2021-06-25,57,True,0.454,0.866,D,-5.348,Major,0.391,0.121,0.0067,0.167,0.518,92.463,4,Domo Genesis,Studio Album,02:55,2021,June,Friday
"Tyler, The Creator",AU79,7nfjw4GlYu6kGVkf19yzFe,Goblin,5dbCm8qaCdWnNdVyi3urUO,2011-05-09,40,True,0.499,0.344,F#/Gb,-14.841,Major,0.0495,0.0748,0.717,0.133,0.52,159.965,4,,Studio Album,03:40,2011,May,Monday
"Tyler, The Creator",LUMBERJACK,0BiK5BbYNFLb88CCOxBFJe,CALL ME IF YOU GET LOST,45ba6QAtNrdv6Ke4MFOKk9,2021-06-25,62,True,0.386,0.762,A,-6.341,Major,0.564,0.122,0.0,0.527,0.433,170.691,4,,Studio Album,02:18,2021,June,Friday
"Tyler, The Creator",JUGGERNAUT (feat. Lil Uzi Vert & Pharrell Williams),5Jue6vup8nHUgXFUGMk478,CALL ME IF YOU GET LOST: The Estate Sale,1GG6U2SSJPHO6XsFiBzxYv,2023-03-31,54,True,0.827,0.571,B,-7.949,Major,0.366,0.0195,0.0,0.166,0.62,142.034,4,"Lil Uzi Vert, Pharrell Williams",Album Deluxe,02:26,2023,March,Friday
"Tyler, The Creator",MANIFESTO (feat. Domo Genesis),6qouBO0wJtYc3k7DfKRUBx,CALL ME IF YOU GET LOST,45ba6QAtNrdv6Ke4MFOKk9,2021-06-25,57,True,0.454,0.866,D,-5.348,Major,0.391,0.121,0.0067,0.167,0.518,92.463,4,Domo Genesis,Studio Album,02:55,2021,June,Friday
"Tyler, The Creator",AU79,7nfjw4GlYu6kGVkf19yzFe,Goblin,5dbCm8qaCdWnNdVyi3urUO,2011-05-09,40,True,0.499,0.344,F#/Gb,-14.841,Major,0.0495,0.0748,0.717,0.133,0.52,159.965,4,,Studio Album,03:40,2011,May,Monday
"Tyler, The Creator",HOT WIND BLOWS (feat. Lil Wayne),6kz3FLaVhtcUECyMYR9BCR,CALL ME IF YOU GET LOST: The Estate Sale,1GG6U2SSJPHO6XsFiBzxYv,2023-03-31,57,True,0.371,0.75,G,-5.382,Minor,0.402,0.601,0.0,0.482,0.729,173.456,4,Lil Wayne,Album Deluxe,02:35,2023,March,Friday
"Tyler, The Creator",MASSA,3lqIHMPvL6ef6t2xKD8ZVH,CALL ME IF YOU GET LOST: The Estate Sale,1GG6U2SSJPHO6XsFiBzxYv,2023-03-31,55,True,0.685,0.855,C#/Db,-6.724,Minor,0.438,0.329,8.9e-05,0.301,0.46,157.181,4,,Album Deluxe,03:43,2023,March,Friday
"Tyler, The Creator",Radicals,5a2vYvmIWmtA8KcUTthpRk,Goblin,5dbCm8qaCdWnNdVyi3urUO,2011-05-09,49,True,0.562,0.68,C#/Db,-8.015,Major,0.498,0.154,0.0955,0.269,0.224,74.06,4,,Studio Album,07:18,2011,May,Monday
"Tyler, The Creator",LUMBERJACK,6cFamI2vPztQoopGMnjD64,CALL ME IF YOU GET LOST: The Estate Sale,1GG6U2SSJPHO6XsFiBzxYv,2023-03-31,55,True,0.386,0.762,A,-6.341,Major,0.564,0.122,0.0,0.527,0.433,170.691,4,,Album Deluxe,02:18,2023,March,Friday
"Tyler, The Creator",Tamale,4fi95SJFCEipkjI7IMNF5N,Wolf + Instrumentals,4jEKedq9rWPV9OXuMkrZCa,2013-04-01,42,True,0.741,0.923,B,-7.615,Major,0.0919,0.0672,0.000597,0.262,0.971,129.999,4,,Instrumental Album,02:46,2013,April,Monday
"Tyler, The Creator",LEMONHEAD (feat. 42 Dugg),5fbHRCsGpFIOLRtlhCRFDR,CALL ME IF YOU GET LOST,45ba6QAtNrdv6Ke4MFOKk9,2021-06-25,62,True,0.62,0.586,C#/Db,-6.612,Major,0.212,0.155,0.0,0.535,0.487,137.131,4,42 Dugg,Studio Album,02:10,2021,June,Friday
"Tyler, The Creator",Sandwitches,48dxLly3L9QERpreYM7MKv,Goblin,5dbCm8qaCdWnNdVyi3urUO,2011-05-09,45,True,0.576,0.587,E,-9.763,Major,0.222,0.0676,2.21e-06,0.204,0.373,152.468,4,Hodgy,Studio Album,04:51,2011,May,Monday
"Tyler, The Creator",BLESSED,425mJO91gIMWMwEIDCCs1H,CALL ME IF YOU GET LOST: The Estate Sale,1GG6U2SSJPHO6XsFiBzxYv,2023-03-31,50,True,0.336,0.613,G#/Ab,-7.869,Major,0.123,0.389,9.99e-05,0.765,0.741,40.319,4,,Album Deluxe,00:57,2023,March,Friday
"Tyler, The Creator",Answer,2qkhKEikKcL5FgYZ7iiY52,Wolf + Instrumentals,4jEKedq9rWPV9OXuMkrZCa,2013-04-01,46,True,0.356,0.826,G#/Ab,-6.935,Minor,0.0508,0.00299,4.64e-06,0.118,0.535,72.987,4,,Instrumental Album,03:50,2013,April,Monday
"Tyler, The Creator",B.S.D.,6XOvMjNjLdTsolZGAy5w4s,Goblin,5dbCm8qaCdWnNdVyi3urUO,2011-05-09,42,True,0.627,0.47,C#/Db,-9.806,Minor,0.254,0.0116,0.0,0.294,0.271,67.015,4,"Jasper Dolphin, Taco",Studio Album,03:36,2011,May,Monday
"Tyler, The Creator",Transylvania,49OZTN2N6XxCectfbA9Gf9,Goblin,5dbCm8qaCdWnNdVyi3urUO,2011-05-09,47,True,0.572,0.638,G,-11.868,Major,0.424,0.0115,0.0104,0.201,0.197,122.448,4,,Studio Album,03:12,2011,May,Monday
"Tyler, The Creator",MANIFESTO (feat. Domo Genesis),6FwiflJB4b1v8j3h10e9ZM,CALL ME IF YOU GET LOST: The Estate Sale,1GG6U2SSJPHO6XsFiBzxYv,2023-03-31,53,True,0.454,0.866,D,-5.348,Major,0.391,0.121,0.0067,0.167,0.518,92.463,4,Domo Genesis,Album Deluxe,02:55,2023,March,Friday
"Tyler, The Creator",CHERRY BOMB,1sJZgGyZJookIoyLi9jDOV,Cherry Bomb,621OhgnZJ7Pz8iUazct1In,2015-04-13,53,True,0.594,0.817,D,-3.389,Major,0.0521,0.001,0.8,0.155,0.151,133.868,4,,Studio Album,04:29,2015,April,Monday
"Tyler, The Creator",Peach Fuzz,0F58GE2TtHBim5o4ZTQUwK,Peach Fuzz,0mON6NgLc1WR44HQ3CkNZb,2018-09-21,54,True,0.593,0.673,D,-6.324,Major,0.117,0.373,0.000808,0.281,0.88,150.526,4,,Single,02:36,2018,September,Friday
"Tyler, The Creator",Untitled 63,5QVzpGhv1GGMeKOUvtzO0A,Goblin,5dbCm8qaCdWnNdVyi3urUO,2011-05-09,42,True,0.582,0.509,A#/Bb,-12.415,Minor,0.0367,0.111,0.947,0.0928,0.142,78.0,4,,Studio Album,01:06,2011,May,Monday
"Tyler, The Creator",Slater (feat. Frank Ocean),5wTpnBRTx1HSGQVDZQ2VSh,Wolf,40QTqOBBxCEIQlLNdSjFQB,2013-04-01,56,True,0.575,0.624,C#/Db,-6.876,Minor,0.103,0.013,4.74e-05,0.0522,0.273,154.687,4,Frank Ocean,Studio Album,03:53,2013,April,Monday
"Tyler, The Creator",Golden,0150LSsZrpksYFj3nbynwj,Goblin,5dbCm8qaCdWnNdVyi3urUO,2011-05-09,43,True,0.46,0.76,C,-6.734,Major,0.364,0.442,0.00114,0.243,0.438,133.576,4,,Studio Album,05:43,2011,May,Monday
"Tyler, The Creator","FUCKING YOUNG / PERFECT (feat. Charlie Wilson, Chaz Bundick, Sydney Bennett & Kali Uchis)",6738dceRZVHz8VumfBH7aI,Cherry Bomb + Instrumentals,5V3Chnpno9oTI7JSPXKUf3,2015-04-13,46,True,0.232,0.705,F,-6.928,Major,0.0997,0.032,6.6e-05,0.185,0.352,74.28,4,"Charlie Wilson, Chaz Bundick, Syd, Kali Uchis",Instrumental Album,06:41,2015,April,Monday
"Tyler, The Creator",SAFARI,3yxh6Av2dL0rC99Iz2xZps,CALL ME IF YOU GET LOST: The Estate Sale,1GG6U2SSJPHO6XsFiBzxYv,2023-03-31,52,True,0.471,0.71,C#/Db,-6.462,Minor,0.213,0.0618,1.7e-06,0.338,0.599,80.453,4,,Album Deluxe,02:57,2023,March,Friday
"Tyler, The Creator",Answer - Instrumental,2XXRfOIeQ9oIkSAqgW0kNr,Wolf + Instrumentals,4jEKedq9rWPV9OXuMkrZCa,2013-04-01,48,False,0.309,0.631,G#/Ab,-7.565,Minor,0.0312,0.000202,0.0373,0.076,0.418,145.583,4,,Instrumental Album,03:54,2013,April,Monday
"Tyler, The Creator",GROUP B,3NnINnjKVVs03xat0qLQFx,GROUP B,5ufhf4tUkvX78Y8nJgXlqw,2020-01-25,54,True,0.544,0.718,F,-8.286,Minor,0.24,0.0996,0.0,0.2,0.361,80.095,3,,Single,01:58,2020,January,Saturday
"Tyler, The Creator",Nightmare,4R6U0vcRkTkVW1L0VC3cOm,Goblin,5dbCm8qaCdWnNdVyi3urUO,2011-05-09,48,True,0.647,0.627,G,-10.555,Minor,0.458,0.0143,0.0,0.14,0.636,87.804,4,,Studio Album,05:22,2011,May,Monday
"Tyler, The Creator",DEATHCAMP (feat. Cole Alexander),1dXYBALYTj3AMxa8hgiQhA,Cherry Bomb,621OhgnZJ7Pz8iUazct1In,2015-04-13,58,True,0.581,0.746,A#/Bb,-5.495,Minor,0.0422,0.0149,0.000276,0.594,0.455,101.881,4,Cole Alexander,Studio Album,03:09,2015,April,Monday
"Tyler, The Creator","Trashwang (feat. Na-Kel Smith, Jasper Dolphin, Lucas, L-Boy, Taco, Left Brain & Lee Spielman)",2OaPyH3JLuft6iuNFHFJl0,Wolf,40QTqOBBxCEIQlLNdSjFQB,2013-04-01,51,True,0.48,0.609,C#/Db,-7.251,Minor,0.299,0.00807,0.0,0.257,0.149,64.604,4,"Na-Kel Smith, Jasper Dolphin, Lucas., L-Boy, Taco, Left Brain, Lee Spielman",Studio Album,04:42,2013,April,Monday
"Tyler, The Creator",LEMONHEAD (feat. 42 Dugg),000TJlEJQ3nafsm1hBWpoj,CALL ME IF YOU GET LOST: The Estate Sale,1GG6U2SSJPHO6XsFiBzxYv,2023-03-31,56,True,0.62,0.586,C#/Db,-6.612,Major,0.212,0.155,0.0,0.535,0.487,137.131,4,42 Dugg,Album Deluxe,02:10,2023,March,Friday
"Tyler, The Creator",IFHY (feat. Pharrell),2xZcwCCcf3tZWXW4yABBkI,Wolf + Instrumentals,4jEKedq9rWPV9OXuMkrZCa,2013-04-01,48,True,0.345,0.691,D,-6.62,Major,0.3,0.228,0.0,0.547,0.295,76.876,4,Pharrell Williams,Instrumental Album,05:19,2013,April,Monday
"Tyler, The Creator",RUN (feat. Chaz Bundick & ScHoolboy Q),586xfl7VsCFPD9z5iJoKEp,Cherry Bomb,621OhgnZJ7Pz8iUazct1In,2015-04-13,48,True,0.411,0.909,B,-5.234,Minor,0.169,0.00178,0.0,0.794,0.473,145.966,4,"Chaz Bundick, ScHoolboy Q",Studio Album,01:09,2015,April,Monday
"Tyler, The Creator",Burger,5zjMSaWC8t8XEedXBAiFUr,Goblin,5dbCm8qaCdWnNdVyi3urUO,2011-05-09,43,True,0.709,0.563,G#/Ab,-10.119,Major,0.357,0.178,0.0,0.132,0.324,73.011,4,Hodgy,Studio Album,03:49,2011,May,Monday
"Tyler, The Creator",Whoville,0W4FJRyxu6MKl8kKk3p3sj,Music Inspired by Illumination & Dr. Seuss' The Grinch,05qQ4Sl7LjxDhZFB1ChVvH,2018-11-16,44,False,0.495,0.271,A,-10.082,Major,0.0465,0.947,0.706,0.0929,0.201,180.3,3,,EP,01:13,2018,November,Friday
"Tyler, The Creator",Steak Sauce,2WBHjwYSh04TLOwxgtny1O,Goblin,5dbCm8qaCdWnNdVyi3urUO,2011-05-09,41,True,0.663,0.636,F#/Gb,-9.768,Minor,0.355,0.0526,0.0,0.272,0.28,95.898,4,,Studio Album,03:22,2011,May,Monday
"Tyler, The Creator",She,6XbRv7v36koV366CtDzGhU,Goblin,3scNeGKz8kAMDrYG5U971b,2011-05-09,45,True,0.35,0.621,G#/Ab,-6.495,Minor,0.233,0.256,3.44e-05,0.613,0.459,83.375,4,Frank Ocean,Studio Album,04:13,2011,May,Monday
"Tyler, The Creator",Window,0hHDsP3aHpnOq4uvCdiCdC,Goblin,5dbCm8qaCdWnNdVyi3urUO,2011-05-09,48,True,0.505,0.508,G,-11.191,Major,0.449,0.11,0.0,0.283,0.206,132.304,4,"Domo Genesis, Frank Ocean, Hodgy, Mike G",Studio Album,08:00,2011,May,Monday
"Tyler, The Creator",PILOT (feat. Sydney Bennett),332Yig3HD2IdDigzlf5Ndl,Cherry Bomb,621OhgnZJ7Pz8iUazct1In,2015-04-13,52,True,0.596,0.869,F,-2.389,Minor,0.0621,6.32e-05,0.0493,0.0476,0.545,109.995,4,Syd,Studio Album,03:29,2015,April,Monday
"Tyler, The Creator",Tell Me How (Coca-Cola Commercial),5pFSH7k21DTVSNMRsZum5C,Tell Me How (Coca-Cola Commercial),0s6x43akIIRH0fTOFxT7xq,2021-03-05,42,False,0.79,0.497,D,-11.531,Major,0.113,0.0537,0.118,0.195,0.0762,119.936,4,,Single,02:15,2021,March,Friday
"Tyler, The Creator",SMUCKERS (feat. Lil Wayne & Kanye West),3v6SdZsS8zR6Go257tldbB,Cherry Bomb + Instrumentals,5V3Chnpno9oTI7JSPXKUf3,2015-04-13,48,True,0.427,0.849,G,-2.945,Major,0.348,0.015,0.00373,0.153,0.55,79.155,4,"Lil Wayne, Kanye West",Instrumental Album,05:34,2015,April,Monday
"Tyler, The Creator",Lone - Instrumental,7i6RKww9Z0sdTbEHFI95WT,Wolf + Instrumentals,4jEKedq9rWPV9OXuMkrZCa,2013-04-01,42,False,0.399,0.769,C,-5.073,Major,0.039,0.369,0.491,0.154,0.404,78.702,1,,Instrumental Album,04:08,2013,April,Monday
"Tyler, The Creator",Parking Lot (feat. Casey Veggies & Mike G),1UBLglX9fPtTBZSwJj4yVG,Wolf,40QTqOBBxCEIQlLNdSjFQB,2013-04-01,51,True,0.548,0.511,B,-10.424,Major,0.274,0.0979,0.0,0.661,0.483,80.747,4,"Casey Veggies, Mike G",Studio Album,03:53,2013,April,Monday
"Tyler, The Creator","OKAGA, CA (feat. Alice Smith, Leon Ware & Clem Creevy)",2CnrJj6Jz4vSe5E1hsWtpg,Cherry Bomb,621OhgnZJ7Pz8iUazct1In,2015-04-13,53,True,0.458,0.64,D,-4.515,Major,0.0419,0.00196,0.0288,0.0782,0.205,145.94,4,"Alice Smith, Leon Ware, Clem Creevy",Studio Album,06:37,2015,April,Monday
"Tyler, The Creator",CHERRY BOMB,53Ij8FmAuvzXLsjzCTLM31,Cherry Bomb + Instrumentals,5V3Chnpno9oTI7JSPXKUf3,2015-04-13,46,True,0.594,0.817,D,-3.389,Major,0.0521,0.001,0.8,0.155,0.151,133.868,4,,Instrumental Album,04:29,2015,April,Monday
"Tyler, The Creator",Awkward,7mlvrrNPu1Kgb2GBOJnQFC,Wolf + Instrumentals,4jEKedq9rWPV9OXuMkrZCa,2013-04-01,37,True,0.445,0.746,F,-9.086,Minor,0.296,0.267,0.0322,0.209,0.699,154.163,4,,Instrumental Album,03:47,2013,April,Monday
"Tyler, The Creator","FIND YOUR WINGS (feat. Roy Ayers, Sydney Bennett & Kali Uchis)",0mvnmLsfi9n5RjPIWzT6tY,Cherry Bomb + Instrumentals,5V3Chnpno9oTI7JSPXKUf3,2015-04-13,44,True,0.53,0.427,A,-7.338,Minor,0.0275,0.405,0.0832,0.0976,0.195,75.111,4,"Roy Ayers, Syd, Kali Uchis",Instrumental Album,02:59,2015,April,Monday
"Tyler, The Creator",THE BROWN STAINS OF DARKEESE LATIFAH PART 6-12 (REMIX) (feat. ScHoolboy Q),629TRAVD61y1ZVNl9EOfEE,Cherry Bomb,621OhgnZJ7Pz8iUazct1In,2015-04-13,50,True,0.63,0.842,C#/Db,-5.636,Minor,0.316,0.000967,0.0,0.362,0.634,84.952,4,ScHoolboy Q,Studio Album,03:11,2015,April,Monday
"Tyler, The Creator",Big Bag,1flloiRJOCenDSSjnuHGln,Music Inspired by Illumination & Dr. Seuss' The Grinch,05qQ4Sl7LjxDhZFB1ChVvH,2018-11-16,43,False,0.675,0.559,A#/Bb,-9.003,Minor,0.106,0.00608,9.73e-05,0.0843,0.668,117.845,4,,EP,01:25,2018,November,Friday
"Tyler, The Creator",Pigs,2XF5OHqf4GoKW4x8BQjloL,Wolf + Instrumentals,4jEKedq9rWPV9OXuMkrZCa,2013-04-01,34,True,0.345,0.717,C#/Db,-7.382,Minor,0.297,0.0297,0.00106,0.0834,0.451,84.411,4,,Instrumental Album,04:14,2013,April,Monday
"Tyler, The Creator",Tron Cat,7zs03air8yiI8EYfAaX7b1,Goblin,3scNeGKz8kAMDrYG5U971b,2011-05-09,31,True,0.632,0.634,G#/Ab,-8.415,Major,0.274,0.0302,0.0,0.153,0.39,81.0,4,,Studio Album,04:13,2011,May,Monday
"Tyler, The Creator",KEEP DA O'S (feat. Pharrell Williams & Coco O.),7zdanauvITJaq9OE7bBz0c,Cherry Bomb,621OhgnZJ7Pz8iUazct1In,2015-04-13,47,True,0.501,0.596,F#/Gb,-8.444,Major,0.077,0.00814,0.00023,0.0666,0.204,139.929,3,"Pharrell Williams, Coco O.",Studio Album,04:08,2015,April,Monday
"Tyler, The Creator",Lone,1v1uyptq1GJOODawkJrwOx,Wolf + Instrumentals,4jEKedq9rWPV9OXuMkrZCa,2013-04-01,37,True,0.41,0.736,D,-8.901,Major,0.182,0.456,0.0,0.821,0.596,78.643,4,,Instrumental Album,03:57,2013,April,Monday
"Tyler, The Creator",Lights On (feat. Ryan Beatty & Santigold),3ILZNhiwZtZ3fVVI65WC6e,Music Inspired by Illumination & Dr. Seuss' The Grinch,05qQ4Sl7LjxDhZFB1ChVvH,2018-11-16,44,False,0.795,0.548,D#/Eb,-8.072,Major,0.199,0.163,0.0,0.0838,0.725,112.342,4,"Ryan Beatty, Santigold",EP,02:29,2018,November,Friday
"Tyler, The Creator",48,3e1eAGw2Icto28DqCqtNSG,Wolf + Instrumentals,4jEKedq9rWPV9OXuMkrZCa,2013-04-01,38,True,0.548,0.875,C#/Db,-8.487,Major,0.277,0.125,0.0,0.873,0.512,119.995,4,,Instrumental Album,04:07,2013,April,Monday
"Tyler, The Creator",Yonkers,7fnH9vpllrPLuIgLQ2x7ji,Yonkers,4KUXmY53T1DLMZ0lVJsjjw,2011-02-15,44,True,0.712,0.759,B,-5.397,Major,0.334,0.0161,0.0808,0.217,0.738,79.102,4,,Single,04:09,2011,February,Tuesday
"Tyler, The Creator",Analog,4DJ63obgThdFzKRgRrUbkG,Goblin,3scNeGKz8kAMDrYG5U971b,2011-05-09,35,True,0.364,0.699,C,-9.473,Minor,0.29,0.00444,0.00093,0.772,0.427,87.083,5,Hodgy,Studio Album,02:54,2011,May,Monday
"Tyler, The Creator",DEATHCAMP (feat. Cole Alexander),2u1tKPsxhwigi5BNbXihB0,Cherry Bomb + Instrumentals,5V3Chnpno9oTI7JSPXKUf3,2015-04-13,48,True,0.581,0.746,A#/Bb,-5.495,Minor,0.0422,0.0149,0.000276,0.594,0.455,101.881,4,Cole Alexander,Instrumental Album,03:09,2015,April,Monday
"Tyler, The Creator",Awkward - Instrumental,6ex85awyyNSg99oF6KEcVT,Wolf + Instrumentals,4jEKedq9rWPV9OXuMkrZCa,2013-04-01,31,False,0.559,0.797,G#/Ab,-7.177,Major,0.0708,0.55,0.819,0.0836,0.503,154.24,4,,Instrumental Album,04:13,2013,April,Monday
"Tyler, The Creator",WOLF,0fqkchNanlXCoNacucPP17,Wolf + Instrumentals,4jEKedq9rWPV9OXuMkrZCa,2013-04-01,38,True,0.425,0.286,C#/Db,-11.993,Minor,0.122,0.314,0.00476,0.399,0.344,138.879,4,,Instrumental Album,01:50,2013,April,Monday
"Tyler, The Creator",Goblin,7czHy27LqBUF6zifjvBPEn,Goblin,3scNeGKz8kAMDrYG5U971b,2011-05-09,26,True,0.456,0.529,F,-12.651,Minor,0.828,0.534,0.0,0.219,0.444,78.235,4,,Single,06:48,2011,May,Monday
"Tyler, The Creator",Jamba (feat. Hodgy),2AVAzChsDazG4eCQuzLYjS,Wolf + Instrumentals,4jEKedq9rWPV9OXuMkrZCa,2013-04-01,38,True,0.757,0.48,C#/Db,-7.909,Major,0.38,0.0315,2.91e-06,0.322,0.647,80.017,4,Hodgy,Instrumental Album,03:32,2013,April,Monday
"Tyler, The Creator",Sandwitches,38WeksMjfHptObzOjrBzmK,Sandwitches,5DRfAXSvoEo2JQ1UnfGHSS,2011-02-15,35,True,0.576,0.587,E,-9.763,Major,0.222,0.0676,2.21e-06,0.204,0.373,152.468,4,Hodgy,Single,04:51,2011,February,Tuesday
"Tyler, The Creator",PILOT (feat. Sydney Bennett),4SUQbrebZgvSX8i3aYHMB6,Cherry Bomb + Instrumentals,5V3Chnpno9oTI7JSPXKUf3,2015-04-13,42,True,0.596,0.869,F,-2.389,Minor,0.0621,6.32e-05,0.0493,0.0476,0.545,109.995,4,Syd,Instrumental Album,03:29,2015,April,Monday
"Tyler, The Creator",Yonkers,3wtdE36rvmFSsr2Yptn7to,Goblin,3scNeGKz8kAMDrYG5U971b,2011-05-09,32,True,0.712,0.759,B,-5.397,Major,0.334,0.0161,0.0808,0.217,0.738,79.102,4,,Studio Album,04:09,2011,May,Monday
"Tyler, The Creator",When Gloves Come Off (feat. Ryan Beatty),7A5zSSX7AAVRhcTmIaKcf6,Music Inspired by Illumination & Dr. Seuss' The Grinch,05qQ4Sl7LjxDhZFB1ChVvH,2018-11-16,39,False,0.546,0.366,C,-9.919,Major,0.0324,0.04,0.0877,0.0568,0.153,83.97,4,Ryan Beatty,EP,01:53,2018,November,Friday
"Tyler, The Creator",Domo23,6cptY7FTu1MccbY9PACAtj,Domo23,4n7vzMjIJLuU4yMSFaoQ9h,2013-02-15,38,True,0.751,0.649,C#/Db,-5.267,Minor,0.334,0.0595,0.0,0.269,0.576,133.144,4,,Single,02:41,2013,February,Friday
"Tyler, The Creator",Tamale - Instrumental,72OgjLqn9qG0A9XkfGwGrt,Wolf + Instrumentals,4jEKedq9rWPV9OXuMkrZCa,2013-04-01,28,False,0.789,0.998,B,-7.684,Minor,0.0752,0.061,0.8,0.384,0.622,130.005,4,,Instrumental Album,02:37,2013,April,Monday
"Tyler, The Creator",Rusty (feat. Domo Genesis & Earl Sweatshirt),5AkCXzN890Crr33zlOJACl,Wolf + Instrumentals,4jEKedq9rWPV9OXuMkrZCa,2013-04-01,37,True,0.542,0.669,B,-6.048,Major,0.245,0.00547,0.000193,0.451,0.359,81.85,4,"Domo Genesis, Earl Sweatshirt",Instrumental Album,05:09,2013,April,Monday
"Tyler, The Creator",RUN (feat. Chaz Bundick & ScHoolboy Q),1VZS61kwta2pHVTAXU9uU1,Cherry Bomb + Instrumentals,5V3Chnpno9oTI7JSPXKUf3,2015-04-13,38,True,0.411,0.909,B,-5.234,Minor,0.169,0.00178,0.0,0.794,0.473,145.966,4,"Chaz Bundick, ScHoolboy Q",Instrumental Album,01:09,2015,April,Monday
"Tyler, The Creator",Domo23,2vdcmz5DazSCpWma3GQ23l,Wolf + Instrumentals,4jEKedq9rWPV9OXuMkrZCa,2013-04-01,36,True,0.73,0.561,G#/Ab,-5.973,Minor,0.373,0.173,0.0,0.207,0.63,132.99,4,,Instrumental Album,02:38,2013,April,Monday
"Tyler, The Creator",RUN (feat. Chaz Bundick & ScHoolboy Q),1VZS61kwta2pHVTAXU9uU1,Cherry Bomb + Instrumentals,5V3Chnpno9oTI7JSPXKUf3,2015-04-13,38,True,0.411,0.909,B,-5.234,Minor,0.169,0.00178,0.0,0.794,0.473,145.966,4,"Chaz Bundick, ScHoolboy Q",Instrumental Album,01:09,2015,April,Monday
"Tyler, The Creator",Domo23,2vdcmz5DazSCpWma3GQ23l,Wolf + Instrumentals,4jEKedq9rWPV9OXuMkrZCa,2013-04-01,36,True,0.73,0.561,G#/Ab,-5.973,Minor,0.373,0.173,0.0,0.207,0.63,132.99,4,,Instrumental Album,02:38,2013,April,Monday
"Tyler, The Creator",FUCKING YOUNG / PERFECT - Instrumental,26jiz9ZZTRxYb0nnuWKyO0,Cherry Bomb + Instrumentals,5V3Chnpno9oTI7JSPXKUf3,2015-04-13,32,False,0.286,0.531,F,-6.89,Major,0.0329,0.0112,0.766,0.114,0.106,74.04,4,,Instrumental Album,06:41,2015,April,Monday
"Tyler, The Creator",48 - Instrumental,31bO3sXBncrrSl5stbzGKN,Wolf + Instrumentals,4jEKedq9rWPV9OXuMkrZCa,2013-04-01,30,False,0.714,0.888,B,-5.639,Major,0.0689,0.00341,0.808,0.0692,0.35,119.829,4,,Instrumental Album,04:00,2013,April,Monday
"Tyler, The Creator",Cowboy,1bJ89Tywk8kh9L8lej2nBW,Wolf + Instrumentals,4jEKedq9rWPV9OXuMkrZCa,2013-04-01,38,True,0.552,0.645,C#/Db,-8.901,Major,0.346,0.0549,0.0,0.383,0.654,160.014,4,,Instrumental Album,03:15,2013,April,Monday
"Tyler, The Creator",Her,7wzKTBFNEsWLzu6mYSnGJf,Goblin,3scNeGKz8kAMDrYG5U971b,2011-05-09,28,True,0.802,0.369,C#/Db,-13.218,Minor,0.432,0.00385,0.000101,0.114,0.494,145.834,4,,Studio Album,03:31,2011,May,Monday
"Tyler, The Creator",Bimmer - Instrumental,35wS3SmZ8gD2ty6x3Wbq3r,Wolf + Instrumentals,4jEKedq9rWPV9OXuMkrZCa,2013-04-01,33,False,0.854,0.739,B,-8.051,Major,0.254,0.019,0.886,0.13,0.34,151.964,4,,Instrumental Album,02:26,2013,April,Monday
"Tyler, The Creator",PartyIsntOver/Campfire/Bimmer (feat. Frank Ocean & Laetitia Sadier),10kn8tPNyljdrAGzhaAPSL,Wolf + Instrumentals,4jEKedq9rWPV9OXuMkrZCa,2013-04-01,38,True,0.435,0.564,C#/Db,-9.15,Major,0.207,0.0893,0.0178,0.42,0.116,151.767,4,"Frank Ocean, Laetitia Sadier",Instrumental Album,07:18,2013,April,Monday
"Tyler, The Creator",AU79,48VvSmLKQv4bKkcjtHlVZS,Goblin,3scNeGKz8kAMDrYG5U971b,2011-05-09,20,True,0.499,0.344,F#/Gb,-14.841,Major,0.0495,0.0748,0.717,0.133,0.52,159.965,4,,Studio Album,03:40,2011,May,Monday
"Tyler, The Creator",SMUCKERS - Instrumental,4x9qXC1n1x3v7tg4VD6xep,Cherry Bomb + Instrumentals,5V3Chnpno9oTI7JSPXKUf3,2015-04-13,33,False,0.421,0.634,G,-4.972,Major,0.0537,0.00632,0.916,0.114,0.232,155.007,4,,Instrumental Album,05:38,2015,April,Monday
"Tyler, The Creator",WOLF - Instrumental,22LjwEKshG0rIXnbwAefGQ,Wolf + Instrumentals,4jEKedq9rWPV9OXuMkrZCa,2013-04-01,33,False,0.51,0.282,C#/Db,-16.077,Minor,0.0368,0.163,0.857,0.0722,0.154,139.672,3,,Instrumental Album,01:48,2013,April,Monday
"Tyler, The Creator",Jamba - Instrumental,0baPRr8t6ugIBZIS66w8uc,Wolf + Instrumentals,4jEKedq9rWPV9OXuMkrZCa,2013-04-01,30,False,0.839,0.443,G#/Ab,-7.034,Major,0.438,0.00653,0.935,0.0995,0.284,80.06,4,,Instrumental Album,03:20,2013,April,Monday
"Tyler, The Creator",KEEP DA O'S (feat. Pharrell Williams & Coco O.),0YOzUujSDOvSRahyn1Pkeb,Cherry Bomb + Instrumentals,5V3Chnpno9oTI7JSPXKUf3,2015-04-13,36,True,0.501,0.596,F#/Gb,-8.444,Major,0.077,0.00814,0.00023,0.0666,0.204,139.929,3,"Pharrell Williams, Coco O.",Instrumental Album,04:08,2015,April,Monday
"Tyler, The Creator",FIND YOUR WINGS - Instrumental,3xLUgT2u1LGSFAI1hFSNJz,Cherry Bomb + Instrumentals,5V3Chnpno9oTI7JSPXKUf3,2015-04-13,34,False,0.633,0.328,A,-9.564,Minor,0.0265,0.203,0.543,0.0941,0.206,75.035,4,,Instrumental Album,03:00,2015,April,Monday
"Tyler, The Creator",IFHY - Instrumental,5NEK7gk7mmZzULvAJ4XFlA,Wolf + Instrumentals,4jEKedq9rWPV9OXuMkrZCa,2013-04-01,34,False,0.316,0.456,G#/Ab,-6.178,Major,0.0675,0.16,0.854,0.0828,0.0383,79.452,4,,Instrumental Album,05:18,2013,April,Monday
"Tyler, The Creator",Fish,31vEt94A8245gvj57uomBB,Goblin,3scNeGKz8kAMDrYG5U971b,2011-05-09,25,True,0.694,0.505,G#/Ab,-12.436,Major,0.331,0.319,0.0,0.0809,0.212,119.271,4,,Studio Album,06:19,2011,May,Monday
"Tyler, The Creator",Slater (feat. Frank Ocean),555VfdiQswEDceHER92qAK,Wolf + Instrumentals,4jEKedq9rWPV9OXuMkrZCa,2013-04-01,37,True,0.525,0.607,C#/Db,-7.29,Minor,0.0824,0.0124,2.98e-05,0.0536,0.296,154.243,4,Frank Ocean,Instrumental Album,03:53,2013,April,Monday
"Tyler, The Creator",THE BROWN STAINS OF DARKEESE LATIFAH PART 6-12 (REMIX) (feat. ScHoolboy Q),7E3FdWpPkWTCggsanYXj30,Cherry Bomb + Instrumentals,5V3Chnpno9oTI7JSPXKUf3,2015-04-13,39,True,0.63,0.842,C#/Db,-5.636,Minor,0.316,0.000967,0.0,0.362,0.634,84.952,4,ScHoolboy Q,Instrumental Album,03:11,2015,April,Monday
"Tyler, The Creator","OKAGA, CA (feat. Alice Smith, Leon Ware & Clem Creevy)",3QZY1nrt8MKrlnotFwRwcm,Cherry Bomb + Instrumentals,5V3Chnpno9oTI7JSPXKUf3,2015-04-13,41,True,0.458,0.64,D,-4.515,Major,0.0419,0.00196,0.0288,0.0782,0.205,145.94,4,"Alice Smith, Leon Ware, Clem Creevy",Instrumental Album,06:37,2015,April,Monday
"Tyler, The Creator",Radicals,0uAELbqKOtfHlC2z4h59vP,Goblin,3scNeGKz8kAMDrYG5U971b,2011-05-09,28,True,0.562,0.68,C#/Db,-8.015,Major,0.498,0.154,0.0955,0.269,0.224,74.06,4,,Studio Album,07:18,2011,May,Monday
"Tyler, The Creator",Slater - Instrumental,2blrvpb2ueHltASqIVsW0g,Wolf + Instrumentals,4jEKedq9rWPV9OXuMkrZCa,2013-04-01,28,False,0.688,0.545,C#/Db,-5.558,Minor,0.0589,0.0395,0.616,0.0929,0.387,155.094,4,,Instrumental Album,03:54,2013,April,Monday
"Tyler, The Creator",Golden,4epKryZszRKfshrXTyhmVg,Goblin,3scNeGKz8kAMDrYG5U971b,2011-05-09,24,True,0.46,0.76,C,-6.734,Major,0.364,0.442,0.00114,0.243,0.438,133.576,4,,Studio Album,05:43,2011,May,Monday
"Tyler, The Creator",B.S.D.,2rMuwsqCx6w28IM7NOwnXc,Goblin,3scNeGKz8kAMDrYG5U971b,2011-05-09,21,True,0.627,0.47,C#/Db,-9.806,Minor,0.254,0.0116,0.0,0.294,0.271,67.015,4,"Jasper Dolphin, Taco",Studio Album,03:36,2011,May,Monday
"Tyler, The Creator",Colossus - Instrumental,6cm6JrItYA13xIiSSianOy,Wolf + Instrumentals,4jEKedq9rWPV9OXuMkrZCa,2013-04-01,29,False,0.393,0.445,D,-10.558,Major,0.195,0.109,0.854,0.0906,0.0629,179.039,4,,Instrumental Album,03:39,2013,April,Monday
"Tyler, The Creator",PartyIsntOver - Instrumental,2b3Px7nCuLEWcyndcT3us4,Wolf + Instrumentals,4jEKedq9rWPV9OXuMkrZCa,2013-04-01,31,False,0.686,0.642,C,-8.777,Minor,0.0433,0.00288,0.871,0.159,0.85,154.007,4,,Instrumental Album,02:08,2013,April,Monday
"Tyler, The Creator",Treehome95 - Instrumental,53GpcuUGjcYVSVQVBg4Tys,Wolf + Instrumentals,4jEKedq9rWPV9OXuMkrZCa,2013-04-01,29,False,0.762,0.576,G#/Ab,-9.258,Minor,0.129,0.136,0.489,0.337,0.38,81.963,4,,Instrumental Album,03:02,2013,April,Monday
"Tyler, The Creator",PILOT - Instrumental,3qNiRhFYfEbuvWvzQQ5p7d,Cherry Bomb + Instrumentals,5V3Chnpno9oTI7JSPXKUf3,2015-04-13,31,False,0.648,0.821,G#/Ab,-2.32,Major,0.0301,5.77e-05,0.748,0.0647,0.526,109.998,4,,Instrumental Album,03:29,2015,April,Monday
"Tyler, The Creator",Nightmare,7c3pv0dJXJHvSeyT1ucQjJ,Goblin,3scNeGKz8kAMDrYG5U971b,2011-05-09,25,True,0.647,0.627,G,-10.555,Minor,0.458,0.0143,0.0,0.14,0.636,87.804,4,,Studio Album,05:22,2011,May,Monday
"Tyler, The Creator",Campfire - Instrumental,66cdtHTWQgMNwkd0lyJzQf,Wolf + Instrumentals,4jEKedq9rWPV9OXuMkrZCa,2013-04-01,30,False,0.701,0.202,B,-8.903,Minor,0.0591,0.777,0.398,0.169,0.311,147.985,4,,Instrumental Album,02:28,2013,April,Monday
"Tyler, The Creator","Trashwang (feat. Na-Kel Smith, Jasper Dolphin, Lucas, L-Boy, Taco, Left Brain & Lee Spielman)",2qvONo0PEZvXTS4jZscKwU,Wolf + Instrumentals,4jEKedq9rWPV9OXuMkrZCa,2013-04-01,32,True,0.46,0.601,C#/Db,-7.716,Minor,0.333,0.0072,0.0,0.235,0.107,64.718,4,"Na-Kel Smith, Jasper Dolphin, Lucas., L-Boy, Taco, Left Brain, Lee Spielman",Instrumental Album,04:42,2013,April,Monday
"Tyler, The Creator",Pigs - Instrumental,6W6ZtovTUzjVGw0EmxfKt2,Wolf + Instrumentals,4jEKedq9rWPV9OXuMkrZCa,2013-04-01,27,False,0.611,0.599,C#/Db,-6.99,Major,0.0398,0.00888,0.788,0.0698,0.382,77.027,4,,Instrumental Album,04:16,2013,April,Monday
"Tyler, The Creator",2SEATER - Instrumental,2svpV0Ja1LtGq6eE7Pysu9,Cherry Bomb + Instrumentals,5V3Chnpno9oTI7JSPXKUf3,2015-04-13,32,False,0.401,0.562,A#/Bb,-9.597,Minor,0.213,0.272,0.0314,0.445,0.146,80.735,3,,Instrumental Album,06:50,2015,April,Monday
"Tyler, The Creator","OKAGA, CA - Instrumental",0wt8YgYZVAIi8OpVTB7PZ7,Cherry Bomb + Instrumentals,5V3Chnpno9oTI7JSPXKUf3,2015-04-13,30,False,0.579,0.534,D,-5.495,Major,0.0304,0.000693,0.877,0.0653,0.151,145.967,4,,Instrumental Album,06:36,2015,April,Monday
"Tyler, The Creator",Rusty - Instrumental,0HsEpiL0kzbiP7w6gehTuG,Wolf + Instrumentals,4jEKedq9rWPV9OXuMkrZCa,2013-04-01,28,False,0.667,0.599,B,-5.631,Major,0.0319,0.00286,0.636,0.147,0.229,81.993,4,,Instrumental Album,05:08,2013,April,Monday
"Tyler, The Creator",EVERYTHING MUST GO,1Zcr6QZLrQVCriqBoJdqja,CALL ME IF YOU GET LOST: The Estate Sale,1GG6U2SSJPHO6XsFiBzxYv,2023-03-31,18,False,0.377,0.448,C#/Db,-6.263,Major,0.0983,0.806,7.38e-06,0.419,0.287,93.098,5,,Album Deluxe,00:28,2023,March,Friday
"Tyler, The Creator",Domo23 - Instrumental,5jEZhuoyYx0voV0DJuPVJL,Wolf + Instrumentals,4jEKedq9rWPV9OXuMkrZCa,2013-04-01,28,False,0.749,0.329,G#/Ab,-10.346,Minor,0.475,0.0115,1.65e-05,0.058,0.18,133.034,4,,Instrumental Album,02:39,2013,April,Monday
"Tyler, The Creator",Trashwang - Instrumental,2AoAiGanDanUdBQ4RvwYSX,Wolf + Instrumentals,4jEKedq9rWPV9OXuMkrZCa,2013-04-01,26,False,0.622,0.407,B,-10.362,Major,0.045,0.000421,0.815,0.437,0.04,67.007,4,,Instrumental Album,04:44,2013,April,Monday
"Tyler, The Creator",Sandwitches,0txYzTjClJ04QvICXiqjwq,Goblin,3scNeGKz8kAMDrYG5U971b,2011-05-09,23,True,0.576,0.587,E,-9.763,Major,0.222,0.0676,2.21e-06,0.204,0.373,152.468,4,Hodgy,Studio Album,04:51,2011,May,Monday
"Tyler, The Creator",Transylvania,54f4m5Pg5HEzsZQiaz2Dxp,Goblin,3scNeGKz8kAMDrYG5U971b,2011-05-09,25,True,0.572,0.638,G,-11.868,Major,0.424,0.0115,0.0104,0.201,0.197,122.448,4,,Studio Album,03:12,2011,May,Monday
"Tyler, The Creator",EXACTLY WHAT YOU RUN FROM YOU END UP CHASING,5e4LIAQI0bClLazNf2gZV0,IGOR,5zi7WsKlIiUXv09tbGLKsE,2019-05-17,15,False,0.0,0.478,B,-16.569,Minor,0.0,0.927,0.0,0.335,0.0,0.0,0,,Studio Album,00:14,2019,May,Friday
"Tyler, The Creator",Parking Lot (feat. Casey Veggies & Mike G),0et03kdULlRyUoTAPMvhju,Wolf + Instrumentals,4jEKedq9rWPV9OXuMkrZCa,2013-04-01,33,True,0.525,0.508,C#/Db,-10.851,Major,0.31,0.0933,0.0,0.641,0.451,80.934,4,"Casey Veggies, Mike G",Instrumental Album,03:53,2013,April,Monday
"Tyler, The Creator",Window,3wVgi2KoGYTOuzbBFlYiSc,Goblin,3scNeGKz8kAMDrYG5U971b,2011-05-09,25,True,0.505,0.508,G,-11.191,Major,0.449,0.11,0.0,0.283,0.206,132.304,4,"Domo Genesis, Frank Ocean, Hodgy, Mike G",Studio Album,08:00,2011,May,Monday
"Tyler, The Creator",DEATHCAMP - Instrumental,4rD9WSFNt2LbhVcqZqa5rp,Cherry Bomb + Instrumentals,5V3Chnpno9oTI7JSPXKUf3,2015-04-13,32,False,0.608,0.537,A#/Bb,-6.682,Minor,0.288,0.0241,0.506,0.112,0.563,204.082,4,,Instrumental Album,03:12,2015,April,Monday
"Tyler, The Creator",BLOW MY LOAD - Instrumental,2J1ix1qlk9WjgQzV5gSpO7,Cherry Bomb + Instrumentals,5V3Chnpno9oTI7JSPXKUf3,2015-04-13,32,False,0.406,0.628,C#/Db,-7.22,Major,0.0509,0.000154,0.0824,0.296,0.21,73.706,4,,Instrumental Album,02:56,2015,April,Monday
"Tyler, The Creator",CHERRY BOMB - Instrumental,5Sp0Qp4cmT5XXeJXfnrDAm,Cherry Bomb + Instrumentals,5V3Chnpno9oTI7JSPXKUf3,2015-04-13,30,False,0.747,0.861,D,-2.671,Major,0.0439,0.00194,0.837,0.44,0.224,133.88,4,,Instrumental Album,04:29,2015,April,Monday
"Tyler, The Creator",Cowboy - Instrumental,4UOeofGICE10ZWlS6UkLNE,Wolf + Instrumentals,4jEKedq9rWPV9OXuMkrZCa,2013-04-01,30,False,0.847,0.563,C#/Db,-8.914,Major,0.0489,0.00268,0.845,0.103,0.84,159.941,4,,Instrumental Album,03:16,2013,April,Monday
"Tyler, The Creator",RUN - Instrumental,0JUwpmBTwaXjdMTCnI5eNX,Cherry Bomb + Instrumentals,5V3Chnpno9oTI7JSPXKUf3,2015-04-13,29,False,0.592,0.846,B,-6.561,Minor,0.0417,0.00224,0.04,0.422,0.504,145.925,4,,Instrumental Album,01:10,2015,April,Monday
"Tyler, The Creator",KEEP DA O'S - Instrumental,7Il5uRy0f42P1hXMIfa6iG,Cherry Bomb + Instrumentals,5V3Chnpno9oTI7JSPXKUf3,2015-04-13,27,False,0.56,0.435,F#/Gb,-9.91,Major,0.0355,0.00776,0.731,0.0614,0.106,139.948,3,,Instrumental Album,04:10,2015,April,Monday
"Tyler, The Creator",THE BROWN STAINS OF DARKEESE LATIFAH PART 6-12 (REMIX) - Instrumental,3MNMl544W55Fphu1do513b,Cherry Bomb + Instrumentals,5V3Chnpno9oTI7JSPXKUf3,2015-04-13,28,False,0.468,0.789,C#/Db,-8.056,Major,0.251,0.00061,0.279,0.113,0.0881,162.275,3,,Instrumental Album,04:38,2015,April,Monday
"Tyler, The Creator",Parking Lot - Instrumental,6UJ0uSZsAsT2sm4929OVEJ,Wolf + Instrumentals,4jEKedq9rWPV9OXuMkrZCa,2013-04-01,27,False,0.656,0.46,D,-10.754,Major,0.0577,0.139,0.617,0.0797,0.191,80.026,4,,Instrumental Album,03:36,2013,April,Monday
Pharrell Williams,"VIRGINIA Boy (feat. Tyler, The Creator) - Remix",1ewLDmADNjHl1rzF5Ink3s,Piece By Piece - Music from the Motion Picture,210rAUA5H4xH6S9J0aHRLE,2024-10-11,63,True,0.665,0.791,C#/Db,-3.278,Major,0.277,0.101,0.0,0.0999,0.667,182.105,4,"Tyler, The Creator",Feature,02:08,2024,October,Friday
Maxo Kream,Cracc Era,4cncOEt5C81tmBSHF3kX66,Cracc Era,5Xl1nussmpooifiSxmxUXC,2024-09-25,64,True,0.901,0.625,C#/Db,-10.317,Minor,0.213,0.0121,0.000454,0.163,0.377,110.751,5,"Tyler, The Creator",Feature,01:55,2024,September,Wednesday
Mac Miller,"O.K. (feat. Tyler, The Creator) - Bonus Track",3fc6y2t7MsdRXTiyWSjI4s,Watching Movies with the Sound Off (10th Anniversary),0Wf65emw9eAwbjJ45gMMqp,2023-06-23,47,True,0.814,0.741,C#/Db,-6.863,Major,0.43,0.0579,0.0,0.223,0.764,115.211,4,"Tyler, The Creator",Feature,02:40,2023,June,Friday
Domo Genesis,"No Idols (feat. Tyler, The Creator)",6X4p4GdoksbRDVz4Q5wTj5,No Idols,3GncI0ExXYyWnIzZe9oxRQ,2023-04-20,45,True,0.364,0.893,B,-3.673,Major,0.583,0.133,0.000194,0.393,0.664,79.693,4,"The Alchemist, Tyler, The Creator",Feature,03:46,2023,April,Thursday
DJ Drama,Legendary,2VXhwq2VuhVcLBsJa6A2wY,I'M REALLY LIKE THAT,6hFTxaqHvUadGLRV9xDEjV,2023-03-31,0,True,0.535,0.634,A#/Bb,-6.986,Major,0.119,0.706,0.0,0.132,0.455,80.954,4,"Tyler, The Creator",Feature,01:38,2023,March,Friday
Brent Faiyaz,"GRAVITY (FEAT. TYLER, THE CREATOR)",3zakx7RAwdkUQlOoQ7SJRt,WASTELAND,0PHMNbcgHfzSUALlfk7wGg,2022-07-08,68,True,0.541,0.619,C#/Db,-8.746,Minor,0.254,0.167,0.00633,0.144,0.491,163.908,4,"Dahi, Tyler, The Creator",Feature,03:34,2022,July,Friday
Pharrell Williams,Cash In Cash Out,3S68RFe1lsdCdTMPIMJM3X,Cash In Cash Out,4YV8SurDnk8sctOOZzYtbH,2022-06-10,66,True,0.877,0.56,G,-3.751,Major,0.0596,0.00721,1.45e-06,0.0839,0.154,119.971,4,"21 Savage, Tyler, The Creator",Feature,03:36,2022,June,Friday
"Tyler, The Creator","Come On, Let's Go (with Nigo)",6f44p3Kc4ayD9VtbC9Clkr,I Know NIGO!,75T8WnF5n7fgKJ0EC7WRPS,2022-03-25,61,True,0.732,0.734,B,-7.968,Major,0.0974,0.136,0.000901,0.165,0.488,145.722,4,Nigo,Feature,03:19,2022,March,Friday
A$AP Rocky,"Lost and Found Freestyle 2019 (with Tyler, The Creator & Nigo)",5x8NgG7Ya18m9wafOvvWYk,I Know NIGO!,75T8WnF5n7fgKJ0EC7WRPS,2022-03-25,54,True,0.458,0.697,C#/Db,-5.02,Major,0.325,0.0185,0.0,0.784,0.495,172.584,4,"Tyler, The Creator, Nigo",Feature,02:54,2022,March,Friday
Rex Orange County,"OPEN A WINDOW (feat. Tyler, The Creator)",1TDeDFUYHjZKLsO6bzoVg1,WHO CARES?,2yI4m5Yu2tl8v0It5P9WVz,2022-03-11,55,True,0.541,0.607,D,-7.174,Major,0.0482,0.282,0.0,0.193,0.548,79.974,4,"Tyler, The Creator",Feature,03:38,2022,March,Friday
Rex Orange County,"OPEN A WINDOW (feat. Tyler, The Creator)",0YpaoMOUSP3jwZ4RgqNESG,"OPEN A WINDOW (feat. Tyler, The Creator)",48jLx1BQeDpojpNweMzlMf,2022-03-09,42,True,0.541,0.607,D,-7.174,Major,0.0482,0.282,0.0,0.193,0.548,79.974,4,"Tyler, The Creator",Feature,03:38,2022,March,Wednesday
The Weeknd,"Here We Go Again (feat. Tyler, the Creator)",1NhjYYcYTRywc0di98xHxf,Dawn FM,2nLOHgzXzwFEpl62zAgCEC,2022-01-06,60,True,0.469,0.623,C#/Db,-4.432,Major,0.0302,0.345,0.0,0.588,0.198,134.943,4,"Tyler, The Creator",Feature,03:29,2022,January,Thursday
Kanye West,Come to Life,14VMRC6EbRfeub5SkIXiad,Donda (Deluxe),2Wiyo7LzdeBCsVZiRA6vVZ,2021-11-14,51,False,0.421,0.502,D#/Eb,-6.35,Major,0.0306,0.664,3.29e-06,0.381,0.291,126.904,4,,Feature,05:10,2021,November,Sunday
Westside Gunn,"The Fly who couldn't Fly straight (feat. Tyler, The Creator)",6bCbBTw3mqHWQwhFMMaOOq,Hitler Wears Hermes 8: Side B,0KtFP56RU7bd32pcvdeWOU,2021-09-24,59,True,0.46,0.825,G,-6.295,Major,0.296,0.451,0.0,0.0865,0.515,81.342,4,"Tyler, The Creator",Feature,01:45,2021,September,Friday
Maxo Kream,"BIG PERSONA (feat. Tyler, The Creator)",4uKjkPDGkkpOHxw152rM1g,"BIG PERSONA (feat. Tyler, The Creator)",0vTDlHYc2iOl6Vwyi0Ld9p,2021-09-07,44,True,0.683,0.515,D,-6.668,Major,0.101,0.0255,9.85e-05,0.209,0.158,145.963,4,"Tyler, The Creator",Feature,02:25,2021,September,Tuesday
Lykke Li,"I Follow Rivers - Tyler, the Creator Remix",1Po3NUwrIkv54e7VIGtQQS,Wounded Rhymes (Anniversary Edition),19ms2xSmphDqfhx2dp11Tl,2021-07-16,25,True,0.243,0.659,G,-8.969,Major,0.122,0.0122,0.000122,0.132,0.293,73.225,5,"Tyler, The Creator",Feature,03:42,2021,July,Friday
Snoh Aalegra,"IN THE MOMENT feat. Tyler, The Creator",1tXWUIFKPPHLAth1zCGfmj,TEMPORARY HIGHS IN THE VIOLET SKIES,57ttk3xzHMWLr6CGrEa8F3,2021-07-09,46,True,0.647,0.578,G,-7.232,Major,0.129,0.62,0.000845,0.12,0.373,179.048,3,"Tyler, The Creator",Feature,03:34,2021,July,Friday
Snoh Aalegra,"NEON PEACH feat. Tyler, The Creator",5PF2WtSZV4EtmGx4oER1zt,TEMPORARY HIGHS IN THE VIOLET SKIES,57ttk3xzHMWLr6CGrEa8F3,2021-07-09,43,True,0.748,0.67,G#/Ab,-7.118,Major,0.0842,0.223,7.6e-05,0.146,0.331,111.353,4,"Tyler, The Creator",Feature,03:12,2021,July,Friday
Brent Faiyaz,"GRAVITY (FEAT. TYLER, THE CREATOR)",6u3CPnFMKANYgfdiifFOiJ,"Gravity (feat. Tyler, The Creator)",6ymw9w3tGhxVGBskQAhsvm,2021-01-29,59,True,0.541,0.619,C#/Db,-8.746,Minor,0.254,0.167,0.00633,0.144,0.491,163.908,4,"Dahi, Tyler, The Creator",Feature,03:34,2021,January,Friday
Channel Tres,"fuego (feat. Tyler, The Creator)",6UYbt0ZVXP5pnrhzk8z2d8,i can't go outside,1p2LdU7Q9Aq8OjO8sfnVMU,2020-12-10,41,True,0.745,0.504,D#/Eb,-10.405,Minor,0.307,0.0162,0.00122,0.432,0.434,114.901,4,"Tyler, The Creator",Feature,04:08,2020,December,Thursday
Freddie Gibbs,"Something to Rap About (feat. Tyler, The Creator)",5OkYfk72CNL8XLqa3gp9q7,Alfredo,3znl1qe13kyjQv7KcR685N,2020-05-29,60,True,0.406,0.524,F,-11.071,Major,0.255,0.469,3.95e-06,0.117,0.412,56.046,4,"The Alchemist, Tyler, The Creator",Feature,04:42,2020,May,Friday
Lil Yachty,"T.D (Lil Yachty & Tierra Whack feat. A$AP Rocky & Tyler, The Creator)",0gO3E51A3fqp0ypJ26QbVP,Lil Boat 3,2CYr9450iYkEWq4IWL8plY,2020-05-29,54,True,0.784,0.632,A#/Bb,-6.083,Minor,0.347,0.156,0.0,0.605,0.746,124.603,4,"Tierra Whack, A$AP Rocky, Tyler, The Creator",Feature,03:52,2020,May,Friday
Westside Gunn,"327 (feat. Tyler, The Creator & Billie Essco)",5sxRbu2Oi9lgmLO8taA3Rf,Pray for Paris,6nfJMRoIjyRwk3ZTHNm0PY,2020-04-17,62,True,0.42,0.701,C#/Db,-7.582,Minor,0.339,0.832,0.0,0.103,0.671,79.716,4,"Joey Bada$$, Tyler, The Creator, Billie Essco",Feature,05:49,2020,April,Friday
La Roux,"Automatic Driver - Tyler, The Creator Remix",59S3SiDxj914oyXd25zt3j,"Automatic Driver (Tyler, The Creator Remix)",57PHygGtLqa9kJRE3rUy15,2020-04-17,45,False,0.551,0.417,C,-7.028,Major,0.028,0.471,0.0,0.344,0.53,96.906,4,"Tyler, The Creator",Feature,03:30,2020,April,Friday
Yuna,Castaway,19zPT36WogsfBd8HIaUnt4,Rouge,5By9BZR5hxGhbkeq7sAcqZ,2019-07-12,40,True,0.623,0.761,C,-6.084,Major,0.0312,0.0223,0.000246,0.39,0.456,99.055,4,"Tyler, The Creator",Feature,04:29,2019,July,Friday
Jaden,NOIZE,7kWOOLjhvTsfNFHdu9iWWl,ERYS (Deluxe),6cKBoHXh7dKn2gVsGniZ58,2019-07-05,38,True,0.47,0.794,D,-3.642,Major,0.114,0.113,0.0,0.119,0.133,160.12,4,"Tyler, The Creator",Feature,04:07,2019,July,Friday
GoldLink,"U Say (feat. Tyler, The Creator & Jay Prince)",2p37Mfy2PWajgOS3i2aaep,Diaspora,790qROmQ1y4aPEYLcSkScH,2019-06-12,55,True,0.926,0.68,D,-7.689,Major,0.196,0.0471,0.000125,0.119,0.458,114.981,4,"Tyler, The Creator, Jay Prince",Feature,03:21,2019,June,Wednesday
$ilkMoney,Naga,0p9grHe7l8mBtKKNtMkqBi,I Hate My Life and I Really Wish People Would Stop Telling Me Not To,4yQasTblx6sk72EF14Du8g,2018-12-11,33,True,0.675,0.428,A#/Bb,-8.829,Minor,0.41,0.0524,0.0,0.107,0.433,124.398,4,,Feature,01:57,2018,December,Tuesday
Kali Uchis,"After The Storm (feat. Tyler, The Creator & Bootsy Collins)",1otG6j1WHNvl9WgXLWkHTo,Isolation,4EPQtdq6vvwxuYeQTrwDVY,2018-04-06,78,False,0.702,0.659,E,-6.766,Minor,0.13,0.301,0.00201,0.218,0.843,79.64,4,"Tyler, The Creator, Bootsy Collins",Feature,03:27,2018,April,Friday
Waka Flocka Flame,I'm A Hater (feat. Tyler The Creator & D-Bo),6gUn2o1rBATdPY58wpTutF,Salute Me Or Shoot Me 4 (Banned From America),6dbTZGSD48VL8dDBy41yeb,2018-01-19,0,True,0.713,0.593,D,-5.05,Major,0.107,0.0687,0.0,0.32,0.314,136.964,4,"D-Bo, Tyler, The Creator",Feature,04:43,2018,January,Friday
Frank Ocean,Biking,2q0VexHJirnUPnEOhr2DxK,Biking,7yOOPJjNelITCaYMqk8V6r,2017-04-10,67,True,0.673,0.463,D,-7.247,Major,0.191,0.681,4.9e-06,0.0907,0.268,147.981,4,"JAY-Z, Tyler, The Creator",Feature,04:37,2017,April,Monday
A$AP Mob,"Telephone Calls (feat. A$AP Rocky, Tyler, The Creator, Playboi Carti & Yung Gleesh)",5VnpYqIzm02X9gOhVElQo3,Cozy Tapes: Vol. 1 Friends -,3RaACfwYTY9uiDy3VSWLLc,2016-10-31,54,True,0.732,0.772,D,-6.142,Minor,0.267,0.194,1.54e-06,0.242,0.493,123.009,4,"A$AP Rocky, Tyler, The Creator, Playboi Carti, Yung Gleesh",Feature,03:50,2016,October,Monday
Domo Genesis,"Go (Gas) (feat. Wiz Khalifa, Juicy J & Tyler, The Creator)",0v3IeMw8l2M3TjIqQrihDW,Genesis,3mhZHDmHvIUAeAYH7MrXBW,2016-03-25,28,True,0.716,0.571,D,-10.002,Major,0.419,0.0209,0.0,0.268,0.646,80.042,4,"Wiz Khalifa, Juicy J, Tyler, The Creator",Feature,03:43,2016,March,Friday
Casey Veggies,RIP,1twZoRIDBZzHaunmzMl2Vp,Live & Grow,4YsS6HUCoyntWFTReZD1GU,2015-09-25,43,True,0.486,0.64,A,-3.715,Major,0.116,0.0752,0.0,0.483,0.536,125.347,4,"Tyler, The Creator",Feature,02:37,2015,September,Friday
The Internet,"Palace/Curse (feat. Tyler, The Creator & Steve Lacy)",300DUx4tdtCdGEUXR032jA,Ego Death,69g3CtOVg98TPOwqmI2K7Q,2015-06-26,62,True,0.447,0.625,A#/Bb,-8.212,Minor,0.323,0.0351,0.000727,0.243,0.261,67.104,4,"Tyler, The Creator, Steve Lacy",Feature,07:20,2015,June,Friday
ScHoolboy Q,The Purge,1oQJ26nHHgHh45WqyA59GF,Oxymoron (Deluxe),7Et3bSTLLqdABO1qCxUplS,2014-01-01,43,True,0.621,0.641,A#/Bb,-6.76,Minor,0.465,0.035,0.0,0.259,0.387,168.327,4,"Tyler, The Creator, Kurupt",Feature,04:54,2014,January,Wednesday
MellowHigh,"Remix (feat. Tyler, The Creator)",06rLDEJNtQf5EUo6ALjSEf,MellowHigh,4azVkVe6yeIBhFVyECag4j,2013-10-31,32,True,0.413,0.664,B,-8.701,Minor,0.322,0.0198,0.0,0.102,0.385,163.341,4,"Tyler, The Creator",Feature,02:50,2013,October,Thursday
Earl Sweatshirt,"Whoa (feat. Tyler, The Creator)",1rW2nkUbmKD2MC22YrU8cX,Doris,5vRfIDOPJHy3W2wHWbzLlE,2013-08-16,50,True,0.541,0.748,D,-6.321,Major,0.31,0.00141,3.1e-06,0.322,0.351,79.616,4,"Tyler, The Creator",Feature,03:16,2013,August,Friday
Earl Sweatshirt,"Sasquatch (feat. Tyler, The Creator)",5BikEzeYYFtRvR1CL1UTRg,Doris,5vRfIDOPJHy3W2wHWbzLlE,2013-08-16,45,True,0.457,0.687,A,-7.506,Major,0.316,0.0123,0.0,0.703,0.217,80.51,4,"Tyler, The Creator",Feature,02:48,2013,August,Friday
Mac Miller,O.K. (Bonus Track),5Zxag6MRK1YCumP1XP3lZg,Watching Movies with the Sound Off (Deluxe Edition),3T02fCxAjApu18taJLLbyN,2013-06-18,0,True,0.814,0.741,C#/Db,-6.863,Major,0.43,0.0579,0.0,0.223,0.764,115.211,4,"Tyler, The Creator",Feature,02:40,2013,June,Tuesday
Trash Talk,"Blossom & Burn (feat. Hodgy & Tyler, The Creator)",1hIIXXrgAExOVgkMcIipI4,119,3q81wYkuErRE4zeihVDeGu,2012-10-09,24,True,0.344,0.872,A,-4.112,Major,0.0505,0.00102,1.5e-05,0.162,0.232,133.861,4,"Hodgy, Tyler, The Creator",Feature,02:31,2012,October,Tuesday
Casey Veggies,"PNCINTLOFWGKTA (feat. Domo Genesis, Earl Sweatshirt, Hodgy & Tyler, The Creator)",2TgzqsJDeNH1BXomOyj94o,Customized Greatly Vol. 3,4dcg79r3qkQVz7vrjeLS8u,2012-04-09,20,True,0.638,0.742,D,-6.915,Major,0.334,0.127,0.0,0.39,0.589,77.952,4,"Domo Genesis, Earl Sweatshirt, Hodgy, Tyler, The Creator",Feature,04:16,2012,April,Monday
Odd Future,Oldie,53dkS3h9uTNsWYZTPacnpx,The OF Tape Vol. 2,7ibEo7IK9E9mi2sU5rJNDC,2012-03-16,59,True,0.839,0.583,C#/Db,-5.941,Major,0.268,0.239,0.0,0.262,0.564,87.99,4,,Feature,10:36,2012,March,Friday
Odd Future,"NY (Ned Flander) (feat. Hodgy & Tyler, The Creator)",16PwJffEjvS0WjbaG92ScL,The OF Tape Vol. 2,7ibEo7IK9E9mi2sU5rJNDC,2012-03-16,40,True,0.609,0.576,C#/Db,-9.992,Major,0.45,0.119,0.0076,0.1,0.527,163.817,4,"Hodgy, Tyler, The Creator",Feature,02:39,2012,March,Friday
Odd Future,"Analog 2 (feat. Tyler, The Creator, Frank Ocean & Sydney Bennett)",0d8ONGx43ZprlHlmLZODpD,The OF Tape Vol. 2,7ibEo7IK9E9mi2sU5rJNDC,2012-03-16,56,True,0.599,0.673,C#/Db,-8.363,Major,0.566,0.229,3.77e-05,0.066,0.262,148.044,4,"Tyler, The Creator, Frank Ocean, Syd",Feature,04:36,2012,March,Friday
Odd Future,"Rella (feat. Hodgy, Domo Genesis & Tyler, The Creator)",3v7GtykYEMuSg4dQyw4qZb,The OF Tape Vol. 2,7ibEo7IK9E9mi2sU5rJNDC,2012-03-16,43,True,0.545,0.75,E,-6.485,Minor,0.312,0.159,0.0,0.147,0.881,138.768,4,"Hodgy, Domo Genesis, Tyler, The Creator",Feature,03:10,2012,March,Friday
Odd Future,"P (feat. Hodgy & Tyler, The Creator)",7MT9QdnGDvZ9jvDTElR75v,The OF Tape Vol. 2,7ibEo7IK9E9mi2sU5rJNDC,2012-03-16,36,True,0.619,0.669,B,-7.732,Major,0.375,0.0603,0.0,0.124,0.588,79.793,4,"Hodgy, Tyler, The Creator",Feature,03:15,2012,March,Friday
Odd Future,"Hcapd (feat. Domo Genesis, Hodgy & Tyler, The Creator)",4eVMZcIz4kNgeQNjlKGZbl,The OF Tape Vol. 2,7ibEo7IK9E9mi2sU5rJNDC,2012-03-16,32,True,0.447,0.726,B,-7.636,Minor,0.366,0.0569,1.28e-06,0.276,0.545,91.038,3,"Domo Genesis, Hodgy, Tyler, The Creator",Feature,03:40,2012,March,Friday
Odd Future,"Sam (Is Dead) (feat. Domo Genesis & Tyler, The Creator)",67nRofeeMvysUeO4FxB6tL,The OF Tape Vol. 2,7ibEo7IK9E9mi2sU5rJNDC,2012-03-16,49,True,0.504,0.634,F,-8.582,Minor,0.394,0.385,0.000396,0.151,0.463,80.996,4,"Domo Genesis, Tyler, The Creator",Feature,03:22,2012,March,Friday
Odd Future,"We Got Bitches (feat. Tyler, The Creator, Taco & Jasper Dolphin)",0dv0qdbMZ6rJQzWMbxqerR,The OF Tape Vol. 2,7ibEo7IK9E9mi2sU5rJNDC,2012-03-16,35,True,0.689,0.524,G#/Ab,-6.281,Minor,0.428,0.043,0.0,0.157,0.605,81.374,4,"Tyler, The Creator, Taco, Jasper Dolphin",Feature,03:19,2012,March,Friday
Pusha T,Trouble On My Mind,2ztyTz3H928W2bVb9qXBlB,Fear Of God II: Let Us Pray,0tS7jye0zKwGF0H4rqFGvz,2011-11-08,0,True,0.645,0.785,F#/Gb,-6.016,Minor,0.365,0.0705,0.000111,0.38,0.673,172.174,4,"Tyler, The Creator",Feature,03:32,2011,November,Tuesday
Jet Age of Tomorrow,"Welcome Home Son (feat. Tyler, The Creator & Casey Veggies)",6XOlxdDpGxcxaSD834sTwJ,12 Odd Future Songs,2EL4Tqtj9eXAjxcKPDIyu1,2011-10-03,36,True,0.391,0.784,D,-8.626,Major,0.37,0.0489,0.0,0.119,0.346,161.041,4,"Tyler, The Creator, Casey Veggies",Feature,02:54,2011,October,Monday
Domo Genesis,"Rolling Papers (feat. Tyler, The Creator)",2q35pHabpVH0UPBfDXskvP,12 Odd Future Songs,2EL4Tqtj9eXAjxcKPDIyu1,2011-10-03,45,True,0.669,0.795,C#/Db,-7.072,Major,0.405,0.0819,0.0,0.114,0.654,82.057,4,"Tyler, The Creator",Feature,02:52,2011,October,Monday
Casey Veggies,DTA,6SfqAuzvIHbERSO5c613P0,Sleeping in Class,5VQnHe5Wcji6wNbiAnMQ21,2011-09-20,49,False,0.366,0.946,D#/Eb,-1.401,Minor,0.363,0.222,0.0,0.178,0.706,160.815,4,"Tyler, The Creator",Feature,04:00,2011,September,Tuesday
MellowHype,F666 the Police,0MfIT9RpAUGHjol2iQzXiq,Blackenedwhite,7KLG5Qk1Y9gLzSjdNdR96l,2011-07-12,21,True,0.52,0.663,C#/Db,-5.751,Major,0.231,0.0609,0.0,0.439,0.276,125.315,4,,Feature,03:12,2011,July,Tuesday
The Game,Martians Vs Goblins,1UIcqXAA24eg76EFWViwr5,The R.E.D. Album,6PvZnd9Q2ymDo3gpoM5I37,2011-01-01,51,True,0.476,0.81,E,-3.414,Minor,0.265,0.0803,0.0,0.568,0.642,83.309,4,"Lil Wayne, Tyler, The Creator",Feature,03:48,2011,January,Saturday
Mike G,Timeless,5GYJvoJUMVyikb2D5sUwVg,Ali,5cVudF06zoMgAbXIRkk6aR,2010-04-11,20,True,0.606,0.767,A#/Bb,-7.689,Minor,0.497,0.285,0.0,0.119,0.689,79.92,4,,Feature,03:11,2010,April,Sunday
Mike G,BlaccFriday,7GJYd0MLHdnVLQ3G1AqNZK,Ali,5cVudF06zoMgAbXIRkk6aR,2010-04-11,22,True,0.538,0.534,G#/Ab,-8.348,Major,0.303,0.227,0.0,0.167,0.416,178.268,4,,Feature,03:58,2010,April,Sunday
